[2026-08-12 21:05:00] [INFO    ] [pipeline.CE517C45] ============================================================
[2026-08-12 21:05:00] [INFO    ] [pipeline.CE517C45] PIPELINE START  |  Run ID: CE517C45  |  Mode: FULL_REFRESH
[2026-08-12 21:05:00] [INFO    ] [pipeline.CE517C45] ============================================================
[2026-08-12 21:05:00] [INFO    ] [pipeline.CE517C45] [1/11] Extracting source CSV files ...
[2026-08-12 21:05:00] [INFO    ] [pipeline.CE517C45]   Product          : 504
[2026-08-12 21:05:00] [INFO    ] [pipeline.CE517C45]   Customer         : 19,820
[2026-08-12 21:05:00] [INFO    ] [pipeline.CE517C45]   SalesOrderHeader : 31,465
[2026-08-12 21:05:00] [INFO    ] [pipeline.CE517C45]   SalesOrderDetail : 121,317
[2026-08-12 21:05:00] [INFO    ] [pipeline.CE517C45] [2/11] Writing raw staging (staging/raw/) ...
[2026-08-12 21:05:00] [INFO    ] [pipeline.CE517C45]   Raw Parquet files written (full refresh — overwritten).
[2026-08-12 21:05:00] [INFO    ] [pipeline.CE517C45] [3/11] Running validation (schema / null / duplicate / outlier) ...
[2026-08-12 21:05:01] [INFO    ] [pipeline.CE517C45]   Valid     : 173,106
[2026-08-12 21:05:01] [INFO    ] [pipeline.CE517C45]   Invalid   : 0
[2026-08-12 21:05:01] [INFO    ] [pipeline.CE517C45]   Dupes     : 0
[2026-08-12 21:05:01] [INFO    ] [pipeline.CE517C45]   Outliers  : 18,936
[2026-08-12 21:05:01] [INFO    ] [pipeline.CE517C45] [4/11] Transforming data ...
[2026-08-12 21:05:01] [INFO    ] [pipeline.CE517C45]   Product : 504  Customer : 19,820  Sales : 121,317
[2026-08-12 21:05:01] [INFO    ] [pipeline.CE517C45] [5/11] Loading OLTP tables (PostgreSQL) ...
[2026-08-12 21:05:01] [INFO    ] [pipeline.CE517C45]   No DB connection — OLTP skipped (data in staging/valid/).
[2026-08-12 21:05:01] [INFO    ] [pipeline.CE517C45] [6/11] Building Star Schema (DimDate / DimProduct / DimCustomer / FactSales) ...
[2026-08-12 21:05:02] [INFO    ] [pipeline.CE517C45]   DimDate     : 2,922
[2026-08-12 21:05:02] [INFO    ] [pipeline.CE517C45]   DimProduct  : 504
[2026-08-12 21:05:02] [INFO    ] [pipeline.CE517C45]   DimCustomer : 19,820
[2026-08-12 21:05:02] [INFO    ] [pipeline.CE517C45]   FactSales   : 121,317
[2026-08-12 21:05:02] [INFO    ] [pipeline.CE517C45] [7/11] No DB — OLAP load skipped.
[2026-08-12 21:05:02] [INFO    ] [pipeline.CE517C45] [8/11] Building analytics and dashboard datasets ...
[2026-08-12 21:05:02] [INFO    ] [pipeline.CE517C45]   KPIs computed  : 11
[2026-08-12 21:05:02] [INFO    ] [pipeline.CE517C45]   Datasets saved : 9
[2026-08-12 21:05:02] [INFO    ] [pipeline.CE517C45] [9/11] Running final record-count validation ...
[2026-08-12 21:05:02] [INFO    ] [pipeline.CE517C45]   FactSales count matches source detail count: 121,317
[2026-08-12 21:05:02] [INFO    ] [pipeline.CE517C45] [10/11] Pipeline completed successfully.
[2026-08-12 21:05:02] [INFO    ] [pipeline.CE517C45] Run ID: CE517C45  |  Status: SUCCESS  |  Duration: 1.8s
[2026-08-12 21:05:02] [INFO    ] [pipeline.CE517C45] ============================================================
[2026-08-12 21:10:52] [INFO    ] [pipeline.5BBCED8C] ============================================================
[2026-08-12 21:10:52] [INFO    ] [pipeline.5BBCED8C] PIPELINE START  |  Run ID: 5BBCED8C  |  Mode: FULL_REFRESH
[2026-08-12 21:10:52] [INFO    ] [pipeline.5BBCED8C] ============================================================
[2026-08-12 21:10:52] [INFO    ] [pipeline.5BBCED8C] [1/11] Extracting source CSV files ...
[2026-08-12 21:10:52] [INFO    ] [pipeline.5BBCED8C]   Product          : 504
[2026-08-12 21:10:52] [INFO    ] [pipeline.5BBCED8C]   Customer         : 19,820
[2026-08-12 21:10:52] [INFO    ] [pipeline.5BBCED8C]   SalesOrderHeader : 31,465
[2026-08-12 21:10:52] [INFO    ] [pipeline.5BBCED8C]   SalesOrderDetail : 121,317
[2026-08-12 21:10:52] [INFO    ] [pipeline.5BBCED8C] [2/11] Writing raw staging (staging/raw/) ...
[2026-08-12 21:10:52] [INFO    ] [pipeline.5BBCED8C]   Raw Parquet files written (full refresh — overwritten).
[2026-08-12 21:10:52] [INFO    ] [pipeline.5BBCED8C] [3/11] Running validation (schema / null / duplicate / outlier) ...
[2026-08-12 21:10:52] [INFO    ] [pipeline.5BBCED8C]   Valid     : 173,106
[2026-08-12 21:10:52] [INFO    ] [pipeline.5BBCED8C]   Invalid   : 0
[2026-08-12 21:10:52] [INFO    ] [pipeline.5BBCED8C]   Dupes     : 0
[2026-08-12 21:10:52] [INFO    ] [pipeline.5BBCED8C]   Outliers  : 18,936
[2026-08-12 21:10:52] [INFO    ] [pipeline.5BBCED8C] [4/11] Transforming data ...
[2026-08-12 21:10:53] [INFO    ] [pipeline.5BBCED8C]   Product : 504  Customer : 19,820  Sales : 121,317
[2026-08-12 21:10:53] [INFO    ] [pipeline.5BBCED8C] [5/11] Loading OLTP tables (PostgreSQL) ...
[2026-08-12 21:10:53] [INFO    ] [pipeline.5BBCED8C]   No DB connection — OLTP skipped (data in staging/valid/).
[2026-08-12 21:10:53] [INFO    ] [pipeline.5BBCED8C] [6/11] Building Star Schema (DimDate / DimProduct / DimCustomer / FactSales) ...
[2026-08-12 21:10:53] [INFO    ] [pipeline.5BBCED8C]   DimDate     : 2,922
[2026-08-12 21:10:53] [INFO    ] [pipeline.5BBCED8C]   DimProduct  : 504
[2026-08-12 21:10:53] [INFO    ] [pipeline.5BBCED8C]   DimCustomer : 19,820
[2026-08-12 21:10:53] [INFO    ] [pipeline.5BBCED8C]   FactSales   : 121,317
[2026-08-12 21:10:53] [INFO    ] [pipeline.5BBCED8C] [7/11] No DB — OLAP load skipped.
[2026-08-12 21:10:53] [INFO    ] [pipeline.5BBCED8C] [8/11] Building analytics and dashboard datasets ...
[2026-08-12 21:10:53] [INFO    ] [pipeline.5BBCED8C]   KPIs computed  : 11
[2026-08-12 21:10:53] [INFO    ] [pipeline.5BBCED8C]   Datasets saved : 9
[2026-08-12 21:10:53] [INFO    ] [pipeline.5BBCED8C] [9/11] Running final record-count validation ...
[2026-08-12 21:10:53] [INFO    ] [pipeline.5BBCED8C]   FactSales count matches source detail count: 121,317
[2026-08-12 21:10:53] [INFO    ] [pipeline.5BBCED8C] [10/11] Pipeline completed successfully.
[2026-08-12 21:10:53] [INFO    ] [pipeline.5BBCED8C] Run ID: 5BBCED8C  |  Status: SUCCESS  |  Duration: 1.7s
[2026-08-12 21:10:53] [INFO    ] [pipeline.5BBCED8C] ============================================================
[2026-08-12 21:11:32] [INFO    ] [pipeline.22141E89] ============================================================
[2026-08-12 21:11:32] [INFO    ] [pipeline.22141E89] PIPELINE START  |  Run ID: 22141E89  |  Mode: FULL_REFRESH
[2026-08-12 21:11:32] [INFO    ] [pipeline.22141E89] ============================================================
[2026-08-12 21:11:32] [INFO    ] [pipeline.22141E89] [1/11] Extracting source CSV files ...
[2026-08-12 21:11:32] [INFO    ] [pipeline.22141E89]   Product          : 504
[2026-08-12 21:11:32] [INFO    ] [pipeline.22141E89]   Customer         : 19,820
[2026-08-12 21:11:32] [INFO    ] [pipeline.22141E89]   SalesOrderHeader : 31,465
[2026-08-12 21:11:32] [INFO    ] [pipeline.22141E89]   SalesOrderDetail : 121,317
[2026-08-12 21:11:32] [INFO    ] [pipeline.22141E89] [2/11] Writing raw staging (staging/raw/) ...
[2026-08-12 21:11:32] [INFO    ] [pipeline.22141E89]   Raw Parquet files written (full refresh — overwritten).
[2026-08-12 21:11:32] [INFO    ] [pipeline.22141E89] [3/11] Running validation (schema / null / duplicate / outlier) ...
[2026-08-12 21:11:32] [INFO    ] [pipeline.22141E89]   Valid     : 173,106
[2026-08-12 21:11:32] [INFO    ] [pipeline.22141E89]   Invalid   : 0
[2026-08-12 21:11:32] [INFO    ] [pipeline.22141E89]   Dupes     : 0
[2026-08-12 21:11:32] [INFO    ] [pipeline.22141E89]   Outliers  : 18,936
[2026-08-12 21:11:32] [INFO    ] [pipeline.22141E89] [4/11] Transforming data ...
[2026-08-12 21:11:33] [INFO    ] [pipeline.22141E89]   Product : 504  Customer : 19,820  Sales : 121,317
[2026-08-12 21:11:33] [INFO    ] [pipeline.22141E89] [5/11] Loading OLTP tables (PostgreSQL) ...
[2026-08-12 21:11:33] [INFO    ] [pipeline.22141E89]   No DB connection — OLTP skipped (data in staging/valid/).
[2026-08-12 21:11:33] [INFO    ] [pipeline.22141E89] [6/11] Building Star Schema (DimDate / DimProduct / DimCustomer / FactSales) ...
[2026-08-12 21:11:34] [INFO    ] [pipeline.22141E89]   DimDate     : 2,922
[2026-08-12 21:11:34] [INFO    ] [pipeline.22141E89]   DimProduct  : 504
[2026-08-12 21:11:34] [INFO    ] [pipeline.22141E89]   DimCustomer : 19,820
[2026-08-12 21:11:34] [INFO    ] [pipeline.22141E89]   FactSales   : 121,317
[2026-08-12 21:11:34] [INFO    ] [pipeline.22141E89] [7/11] No DB — OLAP load skipped.
[2026-08-12 21:11:34] [INFO    ] [pipeline.22141E89] [8/11] Building analytics and dashboard datasets ...
[2026-08-12 21:11:34] [INFO    ] [pipeline.22141E89]   KPIs computed  : 11
[2026-08-12 21:11:34] [INFO    ] [pipeline.22141E89]   Datasets saved : 9
[2026-08-12 21:11:34] [INFO    ] [pipeline.22141E89] [9/11] Running final record-count validation ...
[2026-08-12 21:11:34] [INFO    ] [pipeline.22141E89]   FactSales count matches source detail count: 121,317
[2026-08-12 21:11:34] [INFO    ] [pipeline.22141E89] [10/11] Pipeline completed successfully.
[2026-08-12 21:11:34] [INFO    ] [pipeline.22141E89] Run ID: 22141E89  |  Status: SUCCESS  |  Duration: 2.1s
[2026-08-12 21:11:34] [INFO    ] [pipeline.22141E89] ============================================================
[2026-08-12 21:11:35] [INFO    ] [pipeline.AA6BDE6E] ============================================================
[2026-08-12 21:11:35] [INFO    ] [pipeline.AA6BDE6E] PIPELINE START  |  Run ID: AA6BDE6E  |  Mode: FULL_REFRESH
[2026-08-12 21:11:35] [INFO    ] [pipeline.AA6BDE6E] ============================================================
[2026-08-12 21:11:35] [INFO    ] [pipeline.AA6BDE6E] [1/11] Extracting source CSV files ...
[2026-08-12 21:11:35] [INFO    ] [pipeline.AA6BDE6E]   Product          : 504
[2026-08-12 21:11:35] [INFO    ] [pipeline.AA6BDE6E]   Customer         : 19,820
[2026-08-12 21:11:35] [INFO    ] [pipeline.AA6BDE6E]   SalesOrderHeader : 31,465
[2026-08-12 21:11:35] [INFO    ] [pipeline.AA6BDE6E]   SalesOrderDetail : 121,317
[2026-08-12 21:11:35] [INFO    ] [pipeline.AA6BDE6E] [2/11] Writing raw staging (staging/raw/) ...
[2026-08-12 21:11:35] [INFO    ] [pipeline.AA6BDE6E]   Raw Parquet files written (full refresh — overwritten).
[2026-08-12 21:11:35] [INFO    ] [pipeline.AA6BDE6E] [3/11] Running validation (schema / null / duplicate / outlier) ...
[2026-08-12 21:11:35] [INFO    ] [pipeline.AA6BDE6E]   Valid     : 173,106
[2026-08-12 21:11:35] [INFO    ] [pipeline.AA6BDE6E]   Invalid   : 0
[2026-08-12 21:11:35] [INFO    ] [pipeline.AA6BDE6E]   Dupes     : 0
[2026-08-12 21:11:35] [INFO    ] [pipeline.AA6BDE6E]   Outliers  : 18,936
[2026-08-12 21:11:35] [INFO    ] [pipeline.AA6BDE6E] [4/11] Transforming data ...
[2026-08-12 21:11:36] [INFO    ] [pipeline.AA6BDE6E]   Product : 504  Customer : 19,820  Sales : 121,317
[2026-08-12 21:11:36] [INFO    ] [pipeline.AA6BDE6E] [5/11] Loading OLTP tables (PostgreSQL) ...
[2026-08-12 21:11:36] [INFO    ] [pipeline.AA6BDE6E]   No DB connection — OLTP skipped (data in staging/valid/).
[2026-08-12 21:11:36] [INFO    ] [pipeline.AA6BDE6E] [6/11] Building Star Schema (DimDate / DimProduct / DimCustomer / FactSales) ...
[2026-08-12 21:11:36] [INFO    ] [pipeline.AA6BDE6E]   DimDate     : 2,922
[2026-08-12 21:11:36] [INFO    ] [pipeline.AA6BDE6E]   DimProduct  : 504
[2026-08-12 21:11:36] [INFO    ] [pipeline.AA6BDE6E]   DimCustomer : 19,820
[2026-08-12 21:11:36] [INFO    ] [pipeline.AA6BDE6E]   FactSales   : 121,317
[2026-08-12 21:11:36] [INFO    ] [pipeline.AA6BDE6E] [7/11] No DB — OLAP load skipped.
[2026-08-12 21:11:36] [INFO    ] [pipeline.AA6BDE6E] [8/11] Building analytics and dashboard datasets ...
[2026-08-12 21:11:37] [INFO    ] [pipeline.AA6BDE6E]   KPIs computed  : 11
[2026-08-12 21:11:37] [INFO    ] [pipeline.AA6BDE6E]   Datasets saved : 9
[2026-08-12 21:11:37] [INFO    ] [pipeline.AA6BDE6E] [9/11] Running final record-count validation ...
[2026-08-12 21:11:37] [INFO    ] [pipeline.AA6BDE6E]   FactSales count matches source detail count: 121,317
[2026-08-12 21:11:37] [INFO    ] [pipeline.AA6BDE6E] [10/11] Pipeline completed successfully.
[2026-08-12 21:11:37] [INFO    ] [pipeline.AA6BDE6E] Run ID: AA6BDE6E  |  Status: SUCCESS  |  Duration: 2.0s
[2026-08-12 21:11:37] [INFO    ] [pipeline.AA6BDE6E] ============================================================
[2026-08-12 21:11:37] [INFO    ] [pipeline.0C3004C9] ============================================================
[2026-08-12 21:11:37] [INFO    ] [pipeline.0C3004C9] PIPELINE START  |  Run ID: 0C3004C9  |  Mode: FULL_REFRESH
[2026-08-12 21:11:37] [INFO    ] [pipeline.0C3004C9] ============================================================
[2026-08-12 21:11:37] [INFO    ] [pipeline.0C3004C9] [1/11] Extracting source CSV files ...
[2026-08-12 21:11:37] [INFO    ] [pipeline.0C3004C9]   Product          : 504
[2026-08-12 21:11:37] [INFO    ] [pipeline.0C3004C9]   Customer         : 19,820
[2026-08-12 21:11:37] [INFO    ] [pipeline.0C3004C9]   SalesOrderHeader : 31,465
[2026-08-12 21:11:37] [INFO    ] [pipeline.0C3004C9]   SalesOrderDetail : 121,317
[2026-08-12 21:11:37] [INFO    ] [pipeline.0C3004C9] [2/11] Writing raw staging (staging/raw/) ...
[2026-08-12 21:11:37] [INFO    ] [pipeline.0C3004C9]   Raw Parquet files written (full refresh — overwritten).
[2026-08-12 21:11:37] [INFO    ] [pipeline.0C3004C9] [3/11] Running validation (schema / null / duplicate / outlier) ...
[2026-08-12 21:11:37] [INFO    ] [pipeline.0C3004C9]   Valid     : 173,106
[2026-08-12 21:11:37] [INFO    ] [pipeline.0C3004C9]   Invalid   : 0
[2026-08-12 21:11:37] [INFO    ] [pipeline.0C3004C9]   Dupes     : 0
[2026-08-12 21:11:37] [INFO    ] [pipeline.0C3004C9]   Outliers  : 18,936
[2026-08-12 21:11:37] [INFO    ] [pipeline.0C3004C9] [4/11] Transforming data ...
[2026-08-12 21:11:38] [INFO    ] [pipeline.0C3004C9]   Product : 504  Customer : 19,820  Sales : 121,317
[2026-08-12 21:11:38] [INFO    ] [pipeline.0C3004C9] [5/11] Loading OLTP tables (PostgreSQL) ...
[2026-08-12 21:11:38] [INFO    ] [pipeline.0C3004C9]   No DB connection — OLTP skipped (data in staging/valid/).
[2026-08-12 21:11:38] [INFO    ] [pipeline.0C3004C9] [6/11] Building Star Schema (DimDate / DimProduct / DimCustomer / FactSales) ...
[2026-08-12 21:11:38] [INFO    ] [pipeline.0C3004C9]   DimDate     : 2,922
[2026-08-12 21:11:38] [INFO    ] [pipeline.0C3004C9]   DimProduct  : 504
[2026-08-12 21:11:38] [INFO    ] [pipeline.0C3004C9]   DimCustomer : 19,820
[2026-08-12 21:11:38] [INFO    ] [pipeline.0C3004C9]   FactSales   : 121,317
[2026-08-12 21:11:38] [INFO    ] [pipeline.0C3004C9] [7/11] No DB — OLAP load skipped.
[2026-08-12 21:11:38] [INFO    ] [pipeline.0C3004C9] [8/11] Building analytics and dashboard datasets ...
[2026-08-12 21:11:39] [INFO    ] [pipeline.0C3004C9]   KPIs computed  : 11
[2026-08-12 21:11:39] [INFO    ] [pipeline.0C3004C9]   Datasets saved : 9
[2026-08-12 21:11:39] [INFO    ] [pipeline.0C3004C9] [9/11] Running final record-count validation ...
[2026-08-12 21:11:39] [INFO    ] [pipeline.0C3004C9]   FactSales count matches source detail count: 121,317
[2026-08-12 21:11:39] [INFO    ] [pipeline.0C3004C9] [10/11] Pipeline completed successfully.
[2026-08-12 21:11:39] [INFO    ] [pipeline.0C3004C9] Run ID: 0C3004C9  |  Status: SUCCESS  |  Duration: 1.9s
[2026-08-12 21:11:39] [INFO    ] [pipeline.0C3004C9] ============================================================
[2026-08-12 21:17:03] [INFO    ] [resilient.A6CB4D71] ============================================================
[2026-08-12 21:17:03] [INFO    ] [resilient.A6CB4D71] RESILIENT PIPELINE START  |  Run ID: A6CB4D71
[2026-08-12 21:17:03] [INFO    ] [resilient.A6CB4D71] ============================================================
[2026-08-12 21:17:03] [INFO    ] [resilient.A6CB4D71] [0] Running pre-flight health checks ...
[2026-08-12 21:17:03] [INFO    ] [resilient.A6CB4D71]   Health checks: PASSED (12 checks)
[2026-08-12 21:17:03] [INFO    ] [resilient.A6CB4D71] [1] Extracting source data (with retry) ...
[2026-08-12 21:17:03] [INFO    ] [resilient.A6CB4D71]   Extracted 173,106 total records
[2026-08-12 21:17:03] [INFO    ] [resilient.A6CB4D71] [2] Writing raw staging (atomic) ...
[2026-08-12 21:17:03] [INFO    ] [resilient.A6CB4D71]   Atomic staging complete: 4 files written.
[2026-08-12 21:17:03] [INFO    ] [resilient.A6CB4D71] [3] Validating data ...
[2026-08-12 21:17:03] [INFO    ] [resilient.A6CB4D71]   Valid=173,106  Invalid=0  Outliers=18,936
[2026-08-12 21:17:03] [INFO    ] [resilient.A6CB4D71] [4] Running DQ rules engine ...
[2026-08-12 21:17:03] [INFO    ] [resilient.A6CB4D71]   DQ: 16/16 passed  Warnings=0  Errors=0
[2026-08-12 21:17:03] [INFO    ] [resilient.A6CB4D71] [5] Transforming data ...
[2026-08-12 21:17:04] [INFO    ] [resilient.A6CB4D71]   Product=504  Customer=19,820  Sales=121,317
[2026-08-12 21:17:04] [INFO    ] [resilient.A6CB4D71] [6] Checking alert thresholds ...
[2026-08-12 21:17:04] [INFO    ] [resilient.A6CB4D71]   All thresholds within acceptable range.
[2026-08-12 21:17:04] [INFO    ] [resilient.A6CB4D71] [7] Loading OLTP tables ...
[2026-08-12 21:17:04] [INFO    ] [resilient.A6CB4D71]   OLTP skipped (db_load=False).
[2026-08-12 21:17:04] [INFO    ] [resilient.A6CB4D71] [8] Building Star Schema ...
[2026-08-12 21:17:04] [INFO    ] [resilient.A6CB4D71]   FactSales: 121,317 rows
[2026-08-12 21:17:04] [INFO    ] [resilient.A6CB4D71] [9] Building analytics datasets ...
[2026-08-12 21:17:04] [INFO    ] [resilient.A6CB4D71]   KPIs=11  Datasets=9
[2026-08-12 21:17:04] [INFO    ] [resilient.A6CB4D71] [10] Final record-count validation ...
[2026-08-12 21:17:04] [INFO    ] [resilient.A6CB4D71]   FactSales matches source: 121,317
[2026-08-12 21:17:04] [INFO    ] [resilient.A6CB4D71] Pipeline completed: SUCCESS
[2026-08-12 21:17:04] [INFO    ] [resilient.A6CB4D71] Run ID: A6CB4D71  Status: SUCCESS  Duration: 1.8s
[2026-08-12 21:17:04] [INFO    ] [resilient.A6CB4D71] ============================================================
[2026-08-12 21:19:54] [INFO    ] [resilient.A78D124B] ============================================================
[2026-08-12 21:19:54] [INFO    ] [resilient.A78D124B] RESILIENT PIPELINE START  |  Run ID: A78D124B
[2026-08-12 21:19:54] [INFO    ] [resilient.A78D124B] ============================================================
[2026-08-12 21:19:54] [INFO    ] [resilient.A78D124B] [0] Running pre-flight health checks ...
[2026-08-12 21:19:54] [INFO    ] [resilient.A78D124B]   Health checks: PASSED (12 checks)
[2026-08-12 21:19:54] [INFO    ] [resilient.A78D124B] [1] Extracting source data (with retry) ...
[2026-08-12 21:19:54] [INFO    ] [resilient.A78D124B]   Extracted 173,106 total records
[2026-08-12 21:19:54] [INFO    ] [resilient.A78D124B] [2] Writing raw staging (atomic) ...
[2026-08-12 21:19:54] [INFO    ] [resilient.A78D124B]   Atomic staging complete: 4 files written.
[2026-08-12 21:19:54] [INFO    ] [resilient.A78D124B] [3] Validating data ...
[2026-08-12 21:19:54] [INFO    ] [resilient.A78D124B]   Valid=173,106  Invalid=0  Outliers=18,936
[2026-08-12 21:19:54] [INFO    ] [resilient.A78D124B] [4] Running DQ rules engine ...
[2026-08-12 21:19:54] [INFO    ] [resilient.A78D124B]   DQ: 16/16 passed  Warnings=0  Errors=0
[2026-08-12 21:19:54] [INFO    ] [resilient.A78D124B] [5] Transforming data ...
[2026-08-12 21:19:55] [INFO    ] [resilient.A78D124B]   Product=504  Customer=19,820  Sales=121,317
[2026-08-12 21:19:55] [INFO    ] [resilient.A78D124B] [6] Checking alert thresholds ...
[2026-08-12 21:19:55] [INFO    ] [resilient.A78D124B]   All thresholds within acceptable range.
[2026-08-12 21:19:55] [INFO    ] [resilient.A78D124B] [7] Loading OLTP tables ...
[2026-08-12 21:19:55] [INFO    ] [resilient.A78D124B]   OLTP skipped (db_load=False).
[2026-08-12 21:19:55] [INFO    ] [resilient.A78D124B] [8] Building Star Schema ...
[2026-08-12 21:19:55] [INFO    ] [resilient.A78D124B]   FactSales: 121,317 rows
[2026-08-12 21:19:55] [INFO    ] [resilient.A78D124B] [9] Building analytics datasets ...
[2026-08-12 21:19:55] [INFO    ] [resilient.A78D124B]   KPIs=11  Datasets=9
[2026-08-12 21:19:55] [INFO    ] [resilient.A78D124B] [10] Final record-count validation ...
[2026-08-12 21:19:55] [INFO    ] [resilient.A78D124B]   FactSales matches source: 121,317
[2026-08-12 21:19:55] [INFO    ] [resilient.A78D124B] Pipeline completed: SUCCESS
[2026-08-12 21:19:55] [INFO    ] [resilient.A78D124B] Run ID: A78D124B  Status: SUCCESS  Duration: 1.8s
[2026-08-12 21:19:55] [INFO    ] [resilient.A78D124B] ============================================================
[2026-08-12 21:19:56] [INFO    ] [resilient.7F7D4F29] ============================================================
[2026-08-12 21:19:56] [INFO    ] [resilient.7F7D4F29] RESILIENT PIPELINE START  |  Run ID: 7F7D4F29
[2026-08-12 21:19:56] [INFO    ] [resilient.7F7D4F29] ============================================================
[2026-08-12 21:19:56] [INFO    ] [resilient.7F7D4F29] [1] Extracting source data (with retry) ...
[2026-08-12 21:19:56] [INFO    ] [resilient.7F7D4F29]   Extracted 173,106 total records
[2026-08-12 21:19:56] [INFO    ] [resilient.7F7D4F29] [2] Writing raw staging (atomic) ...
[2026-08-12 21:19:56] [INFO    ] [resilient.7F7D4F29]   Atomic staging complete: 4 files written.
[2026-08-12 21:19:56] [INFO    ] [resilient.7F7D4F29] [3] Validating data ...
[2026-08-12 21:19:56] [INFO    ] [resilient.7F7D4F29]   Valid=173,106  Invalid=0  Outliers=18,936
[2026-08-12 21:19:56] [INFO    ] [resilient.7F7D4F29] [4] Running DQ rules engine ...
[2026-08-12 21:19:56] [INFO    ] [resilient.7F7D4F29]   DQ: 16/17 passed  Warnings=0  Errors=1
[2026-08-12 21:19:56] [ERROR   ] [resilient.7F7D4F29]   1 ERROR-level DQ rule(s) failed:
[2026-08-12 21:19:56] [ERROR   ] [resilient.7F7D4F29]     [sim_product_too_few] Row count 504 >= 1,000 — FAIL
[2026-08-12 21:19:56] [INFO    ] [resilient.7F7D4F29] [5] Transforming data ...
[2026-08-12 21:19:57] [INFO    ] [resilient.7F7D4F29]   Product=504  Customer=19,820  Sales=121,317
[2026-08-12 21:19:57] [INFO    ] [resilient.7F7D4F29] [6] Checking alert thresholds ...
[2026-08-12 21:19:57] [INFO    ] [resilient.7F7D4F29]   All thresholds within acceptable range.
[2026-08-12 21:19:57] [INFO    ] [resilient.7F7D4F29] [7] Loading OLTP tables ...
[2026-08-12 21:19:57] [INFO    ] [resilient.7F7D4F29]   OLTP skipped (db_load=False).
[2026-08-12 21:19:57] [INFO    ] [resilient.7F7D4F29] [8] Building Star Schema ...
[2026-08-12 21:19:57] [INFO    ] [resilient.7F7D4F29]   FactSales: 121,317 rows
[2026-08-12 21:19:57] [INFO    ] [resilient.7F7D4F29] [9] Building analytics datasets ...
[2026-08-12 21:19:57] [INFO    ] [resilient.7F7D4F29]   KPIs=11  Datasets=9
[2026-08-12 21:19:57] [INFO    ] [resilient.7F7D4F29] [10] Final record-count validation ...
[2026-08-12 21:19:57] [INFO    ] [resilient.7F7D4F29]   FactSales matches source: 121,317
[2026-08-12 21:19:57] [INFO    ] [resilient.7F7D4F29] Pipeline completed: SUCCESS
[2026-08-12 21:19:57] [INFO    ] [resilient.7F7D4F29] Run ID: 7F7D4F29  Status: SUCCESS  Duration: 1.8s
[2026-08-12 21:19:57] [INFO    ] [resilient.7F7D4F29] ============================================================
[2026-08-12 21:19:57] [INFO    ] [resilient.94BF482F] ============================================================
[2026-08-12 21:19:57] [INFO    ] [resilient.94BF482F] RESILIENT PIPELINE START  |  Run ID: 94BF482F
[2026-08-12 21:19:57] [INFO    ] [resilient.94BF482F] ============================================================
[2026-08-12 21:19:57] [INFO    ] [resilient.94BF482F] [1] Extracting source data (with retry) ...
[2026-08-12 21:19:58] [INFO    ] [resilient.94BF482F]   Extracted 173,106 total records
[2026-08-12 21:19:58] [INFO    ] [resilient.94BF482F] [2] Writing raw staging (atomic) ...
[2026-08-12 21:19:58] [INFO    ] [resilient.94BF482F]   Atomic staging complete: 4 files written.
[2026-08-12 21:19:58] [INFO    ] [resilient.94BF482F] [3] Validating data ...
[2026-08-12 21:19:58] [INFO    ] [resilient.94BF482F]   Valid=173,106  Invalid=0  Outliers=18,936
[2026-08-12 21:19:58] [INFO    ] [resilient.94BF482F] [4] Running DQ rules engine ...
[2026-08-12 21:19:58] [INFO    ] [resilient.94BF482F]   DQ: 16/17 passed  Warnings=0  Errors=1
[2026-08-12 21:19:58] [ERROR   ] [resilient.94BF482F]   1 ERROR-level DQ rule(s) failed:
[2026-08-12 21:19:58] [ERROR   ] [resilient.94BF482F]     [sim_product_too_few] Row count 504 >= 1,000 — FAIL
[2026-08-12 21:19:58] [ERROR   ] [resilient.94BF482F] PIPELINE FAILED: Pipeline halted: 1 ERROR-level DQ rule(s) failed. Fix the source data or adjust DQ thresholds.
[2026-08-12 21:19:58] [ERROR   ] [resilient.94BF482F] Traceback (most recent call last):
  File "F:\DE_CAT_1\AdventureWorks_DataEngineering\src\resilient_pipeline.py", line 651, in run_resilient_pipeline
    raise RuntimeError(
RuntimeError: Pipeline halted: 1 ERROR-level DQ rule(s) failed. Fix the source data or adjust DQ thresholds.

[2026-08-12 21:19:58] [INFO    ] [resilient.94BF482F] Run ID: 94BF482F  Status: FAILED  Duration: 0.7s
[2026-08-12 21:19:58] [INFO    ] [resilient.94BF482F] ============================================================
[2026-08-12 21:37:45] [INFO    ] [pipeline.0993218B] ============================================================
[2026-08-12 21:37:45] [INFO    ] [pipeline.0993218B] PIPELINE START  |  Run ID: 0993218B  |  Mode: FULL_REFRESH
[2026-08-12 21:37:45] [INFO    ] [pipeline.0993218B] ============================================================
[2026-08-12 21:37:45] [INFO    ] [pipeline.0993218B] [1/11] Extracting source CSV files ...
[2026-08-12 21:37:45] [INFO    ] [pipeline.0993218B]   Product          : 504
[2026-08-12 21:37:45] [INFO    ] [pipeline.0993218B]   Customer         : 19,820
[2026-08-12 21:37:45] [INFO    ] [pipeline.0993218B]   SalesOrderHeader : 31,465
[2026-08-12 21:37:45] [INFO    ] [pipeline.0993218B]   SalesOrderDetail : 121,317
[2026-08-12 21:37:45] [INFO    ] [pipeline.0993218B] [2/11] Writing raw staging (staging/raw/) ...
[2026-08-12 21:37:46] [INFO    ] [pipeline.0993218B]   Raw Parquet files written (full refresh — overwritten).
[2026-08-12 21:37:46] [INFO    ] [pipeline.0993218B] [3/11] Running validation (schema / null / duplicate / outlier) ...
[2026-08-12 21:37:46] [INFO    ] [pipeline.0993218B]   Valid     : 173,106
[2026-08-12 21:37:46] [INFO    ] [pipeline.0993218B]   Invalid   : 0
[2026-08-12 21:37:46] [INFO    ] [pipeline.0993218B]   Dupes     : 0
[2026-08-12 21:37:46] [INFO    ] [pipeline.0993218B]   Outliers  : 18,936
[2026-08-12 21:37:46] [INFO    ] [pipeline.0993218B] [4/11] Transforming data ...
[2026-08-12 21:37:47] [INFO    ] [pipeline.0993218B]   Product : 504  Customer : 19,820  Sales : 121,317
[2026-08-12 21:37:47] [INFO    ] [pipeline.0993218B] [5/11] Loading OLTP tables (PostgreSQL) ...
[2026-08-12 21:37:47] [INFO    ] [pipeline.0993218B]   No DB connection — OLTP skipped (data in staging/valid/).
[2026-08-12 21:37:47] [INFO    ] [pipeline.0993218B] [6/11] Building Star Schema (DimDate / DimProduct / DimCustomer / FactSales) ...
[2026-08-12 21:37:49] [INFO    ] [pipeline.0993218B]   DimDate     : 2,922
[2026-08-12 21:37:49] [INFO    ] [pipeline.0993218B]   DimProduct  : 504
[2026-08-12 21:37:49] [INFO    ] [pipeline.0993218B]   DimCustomer : 19,820
[2026-08-12 21:37:49] [INFO    ] [pipeline.0993218B]   FactSales   : 121,317
[2026-08-12 21:37:49] [INFO    ] [pipeline.0993218B] [7/11] No DB — OLAP load skipped.
[2026-08-12 21:37:49] [INFO    ] [pipeline.0993218B] [8/11] Building analytics and dashboard datasets ...
[2026-08-12 21:37:49] [INFO    ] [pipeline.0993218B]   KPIs computed  : 11
[2026-08-12 21:37:49] [INFO    ] [pipeline.0993218B]   Datasets saved : 9
[2026-08-12 21:37:49] [INFO    ] [pipeline.0993218B] [9/11] Running final record-count validation ...
[2026-08-12 21:37:49] [INFO    ] [pipeline.0993218B]   FactSales count matches source detail count: 121,317
[2026-08-12 21:37:49] [INFO    ] [pipeline.0993218B] [10/11] Pipeline completed successfully.
[2026-08-12 21:37:49] [INFO    ] [pipeline.0993218B] Run ID: 0993218B  |  Status: SUCCESS  |  Duration: 4.5s
[2026-08-12 21:37:49] [INFO    ] [pipeline.0993218B] ============================================================
[2026-08-12 21:45:23] [INFO    ] [pipeline.CE80F7FE] ============================================================
[2026-08-12 21:45:23] [INFO    ] [pipeline.CE80F7FE] PIPELINE START  |  Run ID: CE80F7FE  |  Mode: FULL_REFRESH
[2026-08-12 21:45:23] [INFO    ] [pipeline.CE80F7FE] ============================================================
[2026-08-12 21:45:23] [INFO    ] [pipeline.CE80F7FE] [1/11] Extracting source CSV files ...
[2026-08-12 21:45:23] [INFO    ] [pipeline.CE80F7FE]   Product          : 504
[2026-08-12 21:45:23] [INFO    ] [pipeline.CE80F7FE]   Customer         : 19,820
[2026-08-12 21:45:23] [INFO    ] [pipeline.CE80F7FE]   SalesOrderHeader : 31,465
[2026-08-12 21:45:23] [INFO    ] [pipeline.CE80F7FE]   SalesOrderDetail : 121,317
[2026-08-12 21:45:23] [INFO    ] [pipeline.CE80F7FE] [2/11] Writing raw staging (staging/raw/) ...
[2026-08-12 21:45:23] [INFO    ] [pipeline.CE80F7FE]   Raw Parquet files written (full refresh — overwritten).
[2026-08-12 21:45:23] [INFO    ] [pipeline.CE80F7FE] [3/11] Running validation (schema / null / duplicate / outlier) ...
[2026-08-12 21:45:23] [INFO    ] [pipeline.CE80F7FE]   Valid     : 173,106
[2026-08-12 21:45:23] [INFO    ] [pipeline.CE80F7FE]   Invalid   : 0
[2026-08-12 21:45:23] [INFO    ] [pipeline.CE80F7FE]   Dupes     : 0
[2026-08-12 21:45:23] [INFO    ] [pipeline.CE80F7FE]   Outliers  : 18,936
[2026-08-12 21:45:23] [INFO    ] [pipeline.CE80F7FE] [4/11] Transforming data ...
[2026-08-12 21:45:24] [INFO    ] [pipeline.CE80F7FE]   Product : 504  Customer : 19,820  Sales : 121,317
[2026-08-12 21:45:24] [INFO    ] [pipeline.CE80F7FE] [5/11] Loading OLTP tables (PostgreSQL) ...
[2026-08-12 21:45:24] [INFO    ] [pipeline.CE80F7FE]   No DB connection — OLTP skipped (data in staging/valid/).
[2026-08-12 21:45:24] [INFO    ] [pipeline.CE80F7FE] [6/11] Building Star Schema (DimDate / DimProduct / DimCustomer / FactSales) ...
[2026-08-12 21:45:24] [INFO    ] [pipeline.CE80F7FE]   DimDate     : 2,922
[2026-08-12 21:45:24] [INFO    ] [pipeline.CE80F7FE]   DimProduct  : 504
[2026-08-12 21:45:24] [INFO    ] [pipeline.CE80F7FE]   DimCustomer : 19,820
[2026-08-12 21:45:24] [INFO    ] [pipeline.CE80F7FE]   FactSales   : 121,317
[2026-08-12 21:45:24] [INFO    ] [pipeline.CE80F7FE] [7/11] No DB — OLAP load skipped.
[2026-08-12 21:45:24] [INFO    ] [pipeline.CE80F7FE] [8/11] Building analytics and dashboard datasets ...
[2026-08-12 21:45:25] [INFO    ] [pipeline.CE80F7FE]   KPIs computed  : 11
[2026-08-12 21:45:25] [INFO    ] [pipeline.CE80F7FE]   Datasets saved : 9
[2026-08-12 21:45:25] [INFO    ] [pipeline.CE80F7FE] [9/11] Running final record-count validation ...
[2026-08-12 21:45:25] [INFO    ] [pipeline.CE80F7FE]   FactSales count matches source detail count: 121,317
[2026-08-12 21:45:25] [INFO    ] [pipeline.CE80F7FE] [10/11] Pipeline completed successfully.
[2026-08-12 21:45:25] [INFO    ] [pipeline.CE80F7FE] Run ID: CE80F7FE  |  Status: SUCCESS  |  Duration: 1.9s
[2026-08-12 21:45:25] [INFO    ] [pipeline.CE80F7FE] ============================================================
[2026-08-12 21:45:25] [INFO    ] [pipeline.7A35C57A] ============================================================
[2026-08-12 21:45:25] [INFO    ] [pipeline.7A35C57A] PIPELINE START  |  Run ID: 7A35C57A  |  Mode: FULL_REFRESH
[2026-08-12 21:45:25] [INFO    ] [pipeline.7A35C57A] ============================================================
[2026-08-12 21:45:25] [INFO    ] [pipeline.7A35C57A] [1/11] Extracting source CSV files ...
[2026-08-12 21:45:25] [INFO    ] [pipeline.7A35C57A]   Product          : 503
[2026-08-12 21:45:25] [INFO    ] [pipeline.7A35C57A]   Customer         : 19,820
[2026-08-12 21:45:25] [INFO    ] [pipeline.7A35C57A]   SalesOrderHeader : 31,465
[2026-08-12 21:45:25] [INFO    ] [pipeline.7A35C57A]   SalesOrderDetail : 121,317
[2026-08-12 21:45:25] [INFO    ] [pipeline.7A35C57A] [2/11] Writing raw staging (staging/raw/) ...
[2026-08-12 21:45:25] [INFO    ] [pipeline.7A35C57A]   Raw Parquet files written (full refresh — overwritten).
[2026-08-12 21:45:25] [INFO    ] [pipeline.7A35C57A] [3/11] Running validation (schema / null / duplicate / outlier) ...
[2026-08-12 21:45:26] [INFO    ] [pipeline.7A35C57A]   Valid     : 173,105
[2026-08-12 21:45:26] [INFO    ] [pipeline.7A35C57A]   Invalid   : 0
[2026-08-12 21:45:26] [INFO    ] [pipeline.7A35C57A]   Dupes     : 0
[2026-08-12 21:45:26] [INFO    ] [pipeline.7A35C57A]   Outliers  : 18,936
[2026-08-12 21:45:26] [INFO    ] [pipeline.7A35C57A] [4/11] Transforming data ...
[2026-08-12 21:45:26] [INFO    ] [pipeline.7A35C57A]   Product : 503  Customer : 19,820  Sales : 121,317
[2026-08-12 21:45:26] [INFO    ] [pipeline.7A35C57A] [5/11] Loading OLTP tables (PostgreSQL) ...
[2026-08-12 21:45:26] [INFO    ] [pipeline.7A35C57A]   No DB connection — OLTP skipped (data in staging/valid/).
[2026-08-12 21:45:26] [INFO    ] [pipeline.7A35C57A] [6/11] Building Star Schema (DimDate / DimProduct / DimCustomer / FactSales) ...
[2026-08-12 21:45:27] [INFO    ] [pipeline.7A35C57A]   DimDate     : 2,922
[2026-08-12 21:45:27] [INFO    ] [pipeline.7A35C57A]   DimProduct  : 503
[2026-08-12 21:45:27] [INFO    ] [pipeline.7A35C57A]   DimCustomer : 19,820
[2026-08-12 21:45:27] [INFO    ] [pipeline.7A35C57A]   FactSales   : 121,317
[2026-08-12 21:45:27] [INFO    ] [pipeline.7A35C57A] [7/11] No DB — OLAP load skipped.
[2026-08-12 21:45:27] [INFO    ] [pipeline.7A35C57A] [8/11] Building analytics and dashboard datasets ...
[2026-08-12 21:45:27] [INFO    ] [pipeline.7A35C57A]   KPIs computed  : 11
[2026-08-12 21:45:27] [INFO    ] [pipeline.7A35C57A]   Datasets saved : 9
[2026-08-12 21:45:27] [INFO    ] [pipeline.7A35C57A] [9/11] Running final record-count validation ...
[2026-08-12 21:45:27] [INFO    ] [pipeline.7A35C57A]   FactSales count matches source detail count: 121,317
[2026-08-12 21:45:27] [INFO    ] [pipeline.7A35C57A] [10/11] Pipeline completed successfully.
[2026-08-12 21:45:27] [INFO    ] [pipeline.7A35C57A] Run ID: 7A35C57A  |  Status: SUCCESS  |  Duration: 1.8s
[2026-08-12 21:45:27] [INFO    ] [pipeline.7A35C57A] ============================================================
[2026-08-12 21:45:54] [INFO    ] [pipeline.407FBAFA] ============================================================
[2026-08-12 21:45:54] [INFO    ] [pipeline.407FBAFA] PIPELINE START  |  Run ID: 407FBAFA  |  Mode: FULL_REFRESH
[2026-08-12 21:45:54] [INFO    ] [pipeline.407FBAFA] ============================================================
[2026-08-12 21:45:54] [INFO    ] [pipeline.407FBAFA] [1/11] Extracting source CSV files ...
[2026-08-12 21:45:54] [INFO    ] [pipeline.407FBAFA]   Product          : 504
[2026-08-12 21:45:54] [INFO    ] [pipeline.407FBAFA]   Customer         : 19,820
[2026-08-12 21:45:54] [INFO    ] [pipeline.407FBAFA]   SalesOrderHeader : 31,465
[2026-08-12 21:45:54] [INFO    ] [pipeline.407FBAFA]   SalesOrderDetail : 121,317
[2026-08-12 21:45:54] [INFO    ] [pipeline.407FBAFA] [2/11] Writing raw staging (staging/raw/) ...
[2026-08-12 21:45:54] [INFO    ] [pipeline.407FBAFA]   Raw Parquet files written (full refresh — overwritten).
[2026-08-12 21:45:54] [INFO    ] [pipeline.407FBAFA] [3/11] Running validation (schema / null / duplicate / outlier) ...
[2026-08-12 21:45:55] [INFO    ] [pipeline.407FBAFA]   Valid     : 173,106
[2026-08-12 21:45:55] [INFO    ] [pipeline.407FBAFA]   Invalid   : 0
[2026-08-12 21:45:55] [INFO    ] [pipeline.407FBAFA]   Dupes     : 0
[2026-08-12 21:45:55] [INFO    ] [pipeline.407FBAFA]   Outliers  : 18,936
[2026-08-12 21:45:55] [INFO    ] [pipeline.407FBAFA] [4/11] Transforming data ...
[2026-08-12 21:45:55] [INFO    ] [pipeline.407FBAFA]   Product : 504  Customer : 19,820  Sales : 121,317
[2026-08-12 21:45:55] [INFO    ] [pipeline.407FBAFA] [5/11] Loading OLTP tables (PostgreSQL) ...
[2026-08-12 21:45:55] [INFO    ] [pipeline.407FBAFA]   No DB connection — OLTP skipped (data in staging/valid/).
[2026-08-12 21:45:55] [INFO    ] [pipeline.407FBAFA] [6/11] Building Star Schema (DimDate / DimProduct / DimCustomer / FactSales) ...
[2026-08-12 21:45:56] [INFO    ] [pipeline.407FBAFA]   DimDate     : 2,922
[2026-08-12 21:45:56] [INFO    ] [pipeline.407FBAFA]   DimProduct  : 504
[2026-08-12 21:45:56] [INFO    ] [pipeline.407FBAFA]   DimCustomer : 19,820
[2026-08-12 21:45:56] [INFO    ] [pipeline.407FBAFA]   FactSales   : 121,317
[2026-08-12 21:45:56] [INFO    ] [pipeline.407FBAFA] [7/11] No DB — OLAP load skipped.
[2026-08-12 21:45:56] [INFO    ] [pipeline.407FBAFA] [8/11] Building analytics and dashboard datasets ...
[2026-08-12 21:45:56] [INFO    ] [pipeline.407FBAFA]   KPIs computed  : 11
[2026-08-12 21:45:56] [INFO    ] [pipeline.407FBAFA]   Datasets saved : 9
[2026-08-12 21:45:56] [INFO    ] [pipeline.407FBAFA] [9/11] Running final record-count validation ...
[2026-08-12 21:45:56] [INFO    ] [pipeline.407FBAFA]   FactSales count matches source detail count: 121,317
[2026-08-12 21:45:56] [INFO    ] [pipeline.407FBAFA] [10/11] Pipeline completed successfully.
[2026-08-12 21:45:56] [INFO    ] [pipeline.407FBAFA] Run ID: 407FBAFA  |  Status: SUCCESS  |  Duration: 1.9s
[2026-08-12 21:45:56] [INFO    ] [pipeline.407FBAFA] ============================================================
[2026-08-12 21:45:56] [INFO    ] [pipeline.EBD51207] ============================================================
[2026-08-12 21:45:56] [INFO    ] [pipeline.EBD51207] PIPELINE START  |  Run ID: EBD51207  |  Mode: FULL_REFRESH
[2026-08-12 21:45:56] [INFO    ] [pipeline.EBD51207] ============================================================
[2026-08-12 21:45:56] [INFO    ] [pipeline.EBD51207] [1/11] Extracting source CSV files ...
[2026-08-12 21:45:56] [INFO    ] [pipeline.EBD51207]   Product          : 504
[2026-08-12 21:45:56] [INFO    ] [pipeline.EBD51207]   Customer         : 19,820
[2026-08-12 21:45:56] [INFO    ] [pipeline.EBD51207]   SalesOrderHeader : 31,465
[2026-08-12 21:45:56] [INFO    ] [pipeline.EBD51207]   SalesOrderDetail : 121,317
[2026-08-12 21:45:56] [INFO    ] [pipeline.EBD51207] [2/11] Writing raw staging (staging/raw/) ...
[2026-08-12 21:45:57] [INFO    ] [pipeline.EBD51207]   Raw Parquet files written (full refresh — overwritten).
[2026-08-12 21:45:57] [INFO    ] [pipeline.EBD51207] [3/11] Running validation (schema / null / duplicate / outlier) ...
[2026-08-12 21:45:57] [INFO    ] [pipeline.EBD51207]   Valid     : 173,106
[2026-08-12 21:45:57] [INFO    ] [pipeline.EBD51207]   Invalid   : 0
[2026-08-12 21:45:57] [INFO    ] [pipeline.EBD51207]   Dupes     : 0
[2026-08-12 21:45:57] [INFO    ] [pipeline.EBD51207]   Outliers  : 18,936
[2026-08-12 21:45:57] [INFO    ] [pipeline.EBD51207] [4/11] Transforming data ...
[2026-08-12 21:45:57] [INFO    ] [pipeline.EBD51207]   Product : 504  Customer : 19,820  Sales : 121,317
[2026-08-12 21:45:57] [INFO    ] [pipeline.EBD51207] [5/11] Loading OLTP tables (PostgreSQL) ...
[2026-08-12 21:45:57] [INFO    ] [pipeline.EBD51207]   No DB connection — OLTP skipped (data in staging/valid/).
[2026-08-12 21:45:57] [INFO    ] [pipeline.EBD51207] [6/11] Building Star Schema (DimDate / DimProduct / DimCustomer / FactSales) ...
[2026-08-12 21:45:58] [INFO    ] [pipeline.EBD51207]   DimDate     : 2,922
[2026-08-12 21:45:58] [INFO    ] [pipeline.EBD51207]   DimProduct  : 504
[2026-08-12 21:45:58] [INFO    ] [pipeline.EBD51207]   DimCustomer : 19,820
[2026-08-12 21:45:58] [INFO    ] [pipeline.EBD51207]   FactSales   : 121,317
[2026-08-12 21:45:58] [INFO    ] [pipeline.EBD51207] [7/11] No DB — OLAP load skipped.
[2026-08-12 21:45:58] [INFO    ] [pipeline.EBD51207] [8/11] Building analytics and dashboard datasets ...
[2026-08-12 21:45:58] [INFO    ] [pipeline.EBD51207]   KPIs computed  : 11
[2026-08-12 21:45:58] [INFO    ] [pipeline.EBD51207]   Datasets saved : 9
[2026-08-12 21:45:58] [INFO    ] [pipeline.EBD51207] [9/11] Running final record-count validation ...
[2026-08-12 21:45:58] [INFO    ] [pipeline.EBD51207]   FactSales count matches source detail count: 121,317
[2026-08-12 21:45:58] [INFO    ] [pipeline.EBD51207] [10/11] Pipeline completed successfully.
[2026-08-12 21:45:58] [INFO    ] [pipeline.EBD51207] Run ID: EBD51207  |  Status: SUCCESS  |  Duration: 1.8s
[2026-08-12 21:45:58] [INFO    ] [pipeline.EBD51207] ============================================================
[2026-08-12 21:45:58] [INFO    ] [pipeline.B7E21E4C] ============================================================
[2026-08-12 21:45:58] [INFO    ] [pipeline.B7E21E4C] PIPELINE START  |  Run ID: B7E21E4C  |  Mode: FULL_REFRESH
[2026-08-12 21:45:58] [INFO    ] [pipeline.B7E21E4C] ============================================================
[2026-08-12 21:45:58] [INFO    ] [pipeline.B7E21E4C] [1/11] Extracting source CSV files ...
[2026-08-12 21:45:59] [INFO    ] [pipeline.B7E21E4C]   Product          : 503
[2026-08-12 21:45:59] [INFO    ] [pipeline.B7E21E4C]   Customer         : 19,820
[2026-08-12 21:45:59] [INFO    ] [pipeline.B7E21E4C]   SalesOrderHeader : 31,465
[2026-08-12 21:45:59] [INFO    ] [pipeline.B7E21E4C]   SalesOrderDetail : 121,317
[2026-08-12 21:45:59] [INFO    ] [pipeline.B7E21E4C] [2/11] Writing raw staging (staging/raw/) ...
[2026-08-12 21:45:59] [INFO    ] [pipeline.B7E21E4C]   Raw Parquet files written (full refresh — overwritten).
[2026-08-12 21:45:59] [INFO    ] [pipeline.B7E21E4C] [3/11] Running validation (schema / null / duplicate / outlier) ...
[2026-08-12 21:45:59] [INFO    ] [pipeline.B7E21E4C]   Valid     : 173,105
[2026-08-12 21:45:59] [INFO    ] [pipeline.B7E21E4C]   Invalid   : 0
[2026-08-12 21:45:59] [INFO    ] [pipeline.B7E21E4C]   Dupes     : 0
[2026-08-12 21:45:59] [INFO    ] [pipeline.B7E21E4C]   Outliers  : 18,936
[2026-08-12 21:45:59] [INFO    ] [pipeline.B7E21E4C] [4/11] Transforming data ...
[2026-08-12 21:46:00] [INFO    ] [pipeline.B7E21E4C]   Product : 503  Customer : 19,820  Sales : 121,317
[2026-08-12 21:46:00] [INFO    ] [pipeline.B7E21E4C] [5/11] Loading OLTP tables (PostgreSQL) ...
[2026-08-12 21:46:00] [INFO    ] [pipeline.B7E21E4C]   No DB connection — OLTP skipped (data in staging/valid/).
[2026-08-12 21:46:00] [INFO    ] [pipeline.B7E21E4C] [6/11] Building Star Schema (DimDate / DimProduct / DimCustomer / FactSales) ...
[2026-08-12 21:46:00] [INFO    ] [pipeline.B7E21E4C]   DimDate     : 2,922
[2026-08-12 21:46:00] [INFO    ] [pipeline.B7E21E4C]   DimProduct  : 503
[2026-08-12 21:46:00] [INFO    ] [pipeline.B7E21E4C]   DimCustomer : 19,820
[2026-08-12 21:46:00] [INFO    ] [pipeline.B7E21E4C]   FactSales   : 121,317
[2026-08-12 21:46:00] [INFO    ] [pipeline.B7E21E4C] [7/11] No DB — OLAP load skipped.
[2026-08-12 21:46:00] [INFO    ] [pipeline.B7E21E4C] [8/11] Building analytics and dashboard datasets ...
[2026-08-12 21:46:00] [INFO    ] [pipeline.B7E21E4C]   KPIs computed  : 11
[2026-08-12 21:46:00] [INFO    ] [pipeline.B7E21E4C]   Datasets saved : 9
[2026-08-12 21:46:00] [INFO    ] [pipeline.B7E21E4C] [9/11] Running final record-count validation ...
[2026-08-12 21:46:00] [INFO    ] [pipeline.B7E21E4C]   FactSales count matches source detail count: 121,317
[2026-08-12 21:46:00] [INFO    ] [pipeline.B7E21E4C] [10/11] Pipeline completed successfully.
[2026-08-12 21:46:00] [INFO    ] [pipeline.B7E21E4C] Run ID: B7E21E4C  |  Status: SUCCESS  |  Duration: 1.9s
[2026-08-12 21:46:00] [INFO    ] [pipeline.B7E21E4C] ============================================================
[2026-08-12 22:14:10] [INFO    ] [pipeline.8A4A4AC5] ============================================================
[2026-08-12 22:14:10] [INFO    ] [pipeline.8A4A4AC5] PIPELINE START  |  Run ID: 8A4A4AC5  |  Mode: FULL_REFRESH
[2026-08-12 22:14:10] [INFO    ] [pipeline.8A4A4AC5] ============================================================
[2026-08-12 22:14:10] [INFO    ] [pipeline.8A4A4AC5] [1/11] Extracting source CSV files ...
[2026-08-12 22:14:11] [INFO    ] [pipeline.8A4A4AC5]   Product          : 503
[2026-08-12 22:14:11] [INFO    ] [pipeline.8A4A4AC5]   Customer         : 19,820
[2026-08-12 22:14:11] [INFO    ] [pipeline.8A4A4AC5]   SalesOrderHeader : 31,465
[2026-08-12 22:14:11] [INFO    ] [pipeline.8A4A4AC5]   SalesOrderDetail : 121,317
[2026-08-12 22:14:11] [INFO    ] [pipeline.8A4A4AC5] [2/11] Writing raw staging (staging/raw/) ...
[2026-08-12 22:14:11] [INFO    ] [pipeline.8A4A4AC5]   Raw Parquet files written (full refresh — overwritten).
[2026-08-12 22:14:11] [INFO    ] [pipeline.8A4A4AC5] [3/11] Running validation (schema / null / duplicate / outlier) ...
[2026-08-12 22:14:11] [INFO    ] [pipeline.8A4A4AC5]   Valid     : 173,105
[2026-08-12 22:14:11] [INFO    ] [pipeline.8A4A4AC5]   Invalid   : 0
[2026-08-12 22:14:11] [INFO    ] [pipeline.8A4A4AC5]   Dupes     : 0
[2026-08-12 22:14:11] [INFO    ] [pipeline.8A4A4AC5]   Outliers  : 18,936
[2026-08-12 22:14:11] [INFO    ] [pipeline.8A4A4AC5] [4/11] Transforming data ...
[2026-08-12 22:14:11] [INFO    ] [pipeline.8A4A4AC5]   Product : 503  Customer : 19,820  Sales : 121,317
[2026-08-12 22:14:11] [INFO    ] [pipeline.8A4A4AC5] [5/11] Loading OLTP tables (PostgreSQL) ...
[2026-08-12 22:14:11] [INFO    ] [pipeline.8A4A4AC5]   No DB connection — OLTP skipped (data in staging/valid/).
[2026-08-12 22:14:11] [INFO    ] [pipeline.8A4A4AC5] [6/11] Building Star Schema (DimDate / DimProduct / DimCustomer / FactSales) ...
[2026-08-12 22:14:12] [INFO    ] [pipeline.8A4A4AC5]   DimDate     : 2,922
[2026-08-12 22:14:12] [INFO    ] [pipeline.8A4A4AC5]   DimProduct  : 503
[2026-08-12 22:14:12] [INFO    ] [pipeline.8A4A4AC5]   DimCustomer : 19,820
[2026-08-12 22:14:12] [INFO    ] [pipeline.8A4A4AC5]   FactSales   : 121,317
[2026-08-12 22:14:12] [INFO    ] [pipeline.8A4A4AC5] [7/11] No DB — OLAP load skipped.
[2026-08-12 22:14:12] [INFO    ] [pipeline.8A4A4AC5] [8/11] Building analytics and dashboard datasets ...
[2026-08-12 22:14:12] [INFO    ] [pipeline.8A4A4AC5]   KPIs computed  : 11
[2026-08-12 22:14:12] [INFO    ] [pipeline.8A4A4AC5]   Datasets saved : 9
[2026-08-12 22:14:12] [INFO    ] [pipeline.8A4A4AC5] [9/11] Running final record-count validation ...
[2026-08-12 22:14:12] [INFO    ] [pipeline.8A4A4AC5]   FactSales count matches source detail count: 121,317
[2026-08-12 22:14:12] [INFO    ] [pipeline.8A4A4AC5] [10/11] Pipeline completed successfully.
[2026-08-12 22:14:12] [INFO    ] [pipeline.8A4A4AC5] Run ID: 8A4A4AC5  |  Status: SUCCESS  |  Duration: 1.7s
[2026-08-12 22:14:12] [INFO    ] [pipeline.8A4A4AC5] ============================================================
[2026-08-12 22:21:32] [INFO    ] [pipeline.B84DEF49] ============================================================
[2026-08-12 22:21:32] [INFO    ] [pipeline.B84DEF49] PIPELINE START  |  Run ID: B84DEF49  |  Mode: FULL_REFRESH
[2026-08-12 22:21:32] [INFO    ] [pipeline.B84DEF49] ============================================================
[2026-08-12 22:21:32] [INFO    ] [pipeline.B84DEF49] [1/11] Extracting source CSV files ...
[2026-08-12 22:21:33] [INFO    ] [pipeline.B84DEF49]   Product          : 503
[2026-08-12 22:21:33] [INFO    ] [pipeline.B84DEF49]   Customer         : 19,820
[2026-08-12 22:21:33] [INFO    ] [pipeline.B84DEF49]   SalesOrderHeader : 31,465
[2026-08-12 22:21:33] [INFO    ] [pipeline.B84DEF49]   SalesOrderDetail : 121,317
[2026-08-12 22:21:33] [INFO    ] [pipeline.B84DEF49] [2/11] Writing raw staging (staging/raw/) ...
[2026-08-12 22:21:33] [INFO    ] [pipeline.B84DEF49]   Raw Parquet files written (full refresh — overwritten).
[2026-08-12 22:21:33] [INFO    ] [pipeline.B84DEF49] [3/11] Running validation (schema / null / duplicate / outlier) ...
[2026-08-12 22:21:34] [INFO    ] [pipeline.B84DEF49]   Valid     : 173,105
[2026-08-12 22:21:34] [INFO    ] [pipeline.B84DEF49]   Invalid   : 0
[2026-08-12 22:21:34] [INFO    ] [pipeline.B84DEF49]   Dupes     : 0
[2026-08-12 22:21:34] [INFO    ] [pipeline.B84DEF49]   Outliers  : 18,936
[2026-08-12 22:21:34] [INFO    ] [pipeline.B84DEF49] [4/11] Transforming data ...
[2026-08-12 22:21:35] [INFO    ] [pipeline.B84DEF49]   Product : 503  Customer : 19,820  Sales : 121,317
[2026-08-12 22:21:35] [INFO    ] [pipeline.B84DEF49] [5/11] Loading OLTP tables (PostgreSQL) ...
[2026-08-12 22:21:35] [INFO    ] [pipeline.B84DEF49]   No DB connection — OLTP skipped (data in staging/valid/).
[2026-08-12 22:21:35] [INFO    ] [pipeline.B84DEF49] [6/11] Building Star Schema (DimDate / DimProduct / DimCustomer / FactSales) ...
[2026-08-12 22:21:37] [INFO    ] [pipeline.B84DEF49]   DimDate     : 2,922
[2026-08-12 22:21:37] [INFO    ] [pipeline.B84DEF49]   DimProduct  : 503
[2026-08-12 22:21:37] [INFO    ] [pipeline.B84DEF49]   DimCustomer : 19,820
[2026-08-12 22:21:37] [INFO    ] [pipeline.B84DEF49]   FactSales   : 121,317
[2026-08-12 22:21:37] [INFO    ] [pipeline.B84DEF49] [7/11] No DB — OLAP load skipped.
[2026-08-12 22:21:37] [INFO    ] [pipeline.B84DEF49] [8/11] Building analytics and dashboard datasets ...
[2026-08-12 22:21:38] [INFO    ] [pipeline.B84DEF49]   KPIs computed  : 11
[2026-08-12 22:21:38] [INFO    ] [pipeline.B84DEF49]   Datasets saved : 9
[2026-08-12 22:21:38] [INFO    ] [pipeline.B84DEF49] [9/11] Running final record-count validation ...
[2026-08-12 22:21:38] [INFO    ] [pipeline.B84DEF49]   FactSales count matches source detail count: 121,317
[2026-08-12 22:21:38] [INFO    ] [pipeline.B84DEF49] [10/11] Pipeline completed successfully.
[2026-08-12 22:21:38] [INFO    ] [pipeline.B84DEF49] Run ID: B84DEF49  |  Status: SUCCESS  |  Duration: 5.6s
[2026-08-12 22:21:38] [INFO    ] [pipeline.B84DEF49] ============================================================
[2026-08-12 22:21:48] [INFO    ] [pipeline.9DB7FC20] ============================================================
[2026-08-12 22:21:48] [INFO    ] [pipeline.9DB7FC20] PIPELINE START  |  Run ID: 9DB7FC20  |  Mode: FULL_REFRESH
[2026-08-12 22:21:48] [INFO    ] [pipeline.9DB7FC20] ============================================================
[2026-08-12 22:21:48] [INFO    ] [pipeline.9DB7FC20] [1/11] Extracting source CSV files ...
[2026-08-12 22:21:49] [INFO    ] [pipeline.9DB7FC20]   Product          : 503
[2026-08-12 22:21:49] [INFO    ] [pipeline.9DB7FC20]   Customer         : 19,820
[2026-08-12 22:21:49] [INFO    ] [pipeline.9DB7FC20]   SalesOrderHeader : 31,465
[2026-08-12 22:21:49] [INFO    ] [pipeline.9DB7FC20]   SalesOrderDetail : 121,317
[2026-08-12 22:21:49] [INFO    ] [pipeline.9DB7FC20] [2/11] Writing raw staging (staging/raw/) ...
[2026-08-12 22:21:49] [INFO    ] [pipeline.9DB7FC20]   Raw Parquet files written (full refresh — overwritten).
[2026-08-12 22:21:49] [INFO    ] [pipeline.9DB7FC20] [3/11] Running validation (schema / null / duplicate / outlier) ...
[2026-08-12 22:21:50] [INFO    ] [pipeline.9DB7FC20]   Valid     : 173,105
[2026-08-12 22:21:50] [INFO    ] [pipeline.9DB7FC20]   Invalid   : 0
[2026-08-12 22:21:50] [INFO    ] [pipeline.9DB7FC20]   Dupes     : 0
[2026-08-12 22:21:50] [INFO    ] [pipeline.9DB7FC20]   Outliers  : 18,936
[2026-08-12 22:21:50] [INFO    ] [pipeline.9DB7FC20] [4/11] Transforming data ...
[2026-08-12 22:21:51] [INFO    ] [pipeline.9DB7FC20]   Product : 503  Customer : 19,820  Sales : 121,317
[2026-08-12 22:21:51] [INFO    ] [pipeline.9DB7FC20] [5/11] Loading OLTP tables (PostgreSQL) ...
[2026-08-12 22:21:51] [INFO    ] [pipeline.9DB7FC20]   No DB connection — OLTP skipped (data in staging/valid/).
[2026-08-12 22:21:51] [INFO    ] [pipeline.9DB7FC20] [6/11] Building Star Schema (DimDate / DimProduct / DimCustomer / FactSales) ...
[2026-08-12 22:21:53] [INFO    ] [pipeline.9DB7FC20]   DimDate     : 2,922
[2026-08-12 22:21:53] [INFO    ] [pipeline.9DB7FC20]   DimProduct  : 503
[2026-08-12 22:21:53] [INFO    ] [pipeline.9DB7FC20]   DimCustomer : 19,820
[2026-08-12 22:21:53] [INFO    ] [pipeline.9DB7FC20]   FactSales   : 121,317
[2026-08-12 22:21:53] [INFO    ] [pipeline.9DB7FC20] [7/11] No DB — OLAP load skipped.
[2026-08-12 22:21:53] [INFO    ] [pipeline.9DB7FC20] [8/11] Building analytics and dashboard datasets ...
[2026-08-12 22:21:53] [INFO    ] [pipeline.9DB7FC20]   KPIs computed  : 11
[2026-08-12 22:21:53] [INFO    ] [pipeline.9DB7FC20]   Datasets saved : 9
[2026-08-12 22:21:53] [INFO    ] [pipeline.9DB7FC20] [9/11] Running final record-count validation ...
[2026-08-12 22:21:53] [INFO    ] [pipeline.9DB7FC20]   FactSales count matches source detail count: 121,317
[2026-08-12 22:21:53] [INFO    ] [pipeline.9DB7FC20] [10/11] Pipeline completed successfully.
[2026-08-12 22:21:53] [INFO    ] [pipeline.9DB7FC20] Run ID: 9DB7FC20  |  Status: SUCCESS  |  Duration: 5.0s
[2026-08-12 22:21:53] [INFO    ] [pipeline.9DB7FC20] ============================================================
[2026-08-12 22:22:37] [INFO    ] [pipeline.02207312] ============================================================
[2026-08-12 22:22:37] [INFO    ] [pipeline.02207312] PIPELINE START  |  Run ID: 02207312  |  Mode: FULL_REFRESH
[2026-08-12 22:22:37] [INFO    ] [pipeline.02207312] ============================================================
[2026-08-12 22:22:37] [INFO    ] [pipeline.02207312] [1/11] Extracting source CSV files ...
[2026-08-12 22:22:37] [INFO    ] [pipeline.02207312]   Product          : 503
[2026-08-12 22:22:37] [INFO    ] [pipeline.02207312]   Customer         : 19,821
[2026-08-12 22:22:37] [INFO    ] [pipeline.02207312]   SalesOrderHeader : 31,465
[2026-08-12 22:22:37] [INFO    ] [pipeline.02207312]   SalesOrderDetail : 121,317
[2026-08-12 22:22:37] [INFO    ] [pipeline.02207312] [2/11] Writing raw staging (staging/raw/) ...
[2026-08-12 22:22:38] [INFO    ] [pipeline.02207312]   Raw Parquet files written (full refresh — overwritten).
[2026-08-12 22:22:38] [INFO    ] [pipeline.02207312] [3/11] Running validation (schema / null / duplicate / outlier) ...
[2026-08-12 22:22:38] [INFO    ] [pipeline.02207312]   Valid     : 173,106
[2026-08-12 22:22:38] [INFO    ] [pipeline.02207312]   Invalid   : 0
[2026-08-12 22:22:38] [INFO    ] [pipeline.02207312]   Dupes     : 0
[2026-08-12 22:22:38] [INFO    ] [pipeline.02207312]   Outliers  : 18,936
[2026-08-12 22:22:38] [INFO    ] [pipeline.02207312] [4/11] Transforming data ...
[2026-08-12 22:22:39] [INFO    ] [pipeline.02207312]   Product : 503  Customer : 19,821  Sales : 121,317
[2026-08-12 22:22:39] [INFO    ] [pipeline.02207312] [5/11] Loading OLTP tables (PostgreSQL) ...
[2026-08-12 22:22:39] [INFO    ] [pipeline.02207312]   No DB connection — OLTP skipped (data in staging/valid/).
[2026-08-12 22:22:39] [INFO    ] [pipeline.02207312] [6/11] Building Star Schema (DimDate / DimProduct / DimCustomer / FactSales) ...
[2026-08-12 22:22:41] [INFO    ] [pipeline.02207312]   DimDate     : 2,922
[2026-08-12 22:22:41] [INFO    ] [pipeline.02207312]   DimProduct  : 503
[2026-08-12 22:22:41] [INFO    ] [pipeline.02207312]   DimCustomer : 19,821
[2026-08-12 22:22:41] [INFO    ] [pipeline.02207312]   FactSales   : 121,317
[2026-08-12 22:22:41] [INFO    ] [pipeline.02207312] [7/11] No DB — OLAP load skipped.
[2026-08-12 22:22:41] [INFO    ] [pipeline.02207312] [8/11] Building analytics and dashboard datasets ...
[2026-08-12 22:22:42] [INFO    ] [pipeline.02207312]   KPIs computed  : 11
[2026-08-12 22:22:42] [INFO    ] [pipeline.02207312]   Datasets saved : 9
[2026-08-12 22:22:42] [INFO    ] [pipeline.02207312] [9/11] Running final record-count validation ...
[2026-08-12 22:22:42] [INFO    ] [pipeline.02207312]   FactSales count matches source detail count: 121,317
[2026-08-12 22:22:42] [INFO    ] [pipeline.02207312] [10/11] Pipeline completed successfully.
[2026-08-12 22:22:42] [INFO    ] [pipeline.02207312] Run ID: 02207312  |  Status: SUCCESS  |  Duration: 4.8s
[2026-08-12 22:22:42] [INFO    ] [pipeline.02207312] ============================================================
[2026-08-12 22:22:58] [INFO    ] [pipeline.3F0E621C] ============================================================
[2026-08-12 22:22:58] [INFO    ] [pipeline.3F0E621C] PIPELINE START  |  Run ID: 3F0E621C  |  Mode: FULL_REFRESH
[2026-08-12 22:22:58] [INFO    ] [pipeline.3F0E621C] ============================================================
[2026-08-12 22:22:58] [INFO    ] [pipeline.3F0E621C] [1/11] Extracting source CSV files ...
[2026-08-12 22:22:59] [INFO    ] [pipeline.3F0E621C]   Product          : 503
[2026-08-12 22:22:59] [INFO    ] [pipeline.3F0E621C]   Customer         : 19,821
[2026-08-12 22:22:59] [INFO    ] [pipeline.3F0E621C]   SalesOrderHeader : 31,465
[2026-08-12 22:22:59] [INFO    ] [pipeline.3F0E621C]   SalesOrderDetail : 121,317
[2026-08-12 22:22:59] [INFO    ] [pipeline.3F0E621C] [2/11] Writing raw staging (staging/raw/) ...
[2026-08-12 22:22:59] [INFO    ] [pipeline.3F0E621C]   Raw Parquet files written (full refresh — overwritten).
[2026-08-12 22:22:59] [INFO    ] [pipeline.3F0E621C] [3/11] Running validation (schema / null / duplicate / outlier) ...
[2026-08-12 22:23:00] [INFO    ] [pipeline.3F0E621C]   Valid     : 173,106
[2026-08-12 22:23:00] [INFO    ] [pipeline.3F0E621C]   Invalid   : 0
[2026-08-12 22:23:00] [INFO    ] [pipeline.3F0E621C]   Dupes     : 0
[2026-08-12 22:23:00] [INFO    ] [pipeline.3F0E621C]   Outliers  : 18,936
[2026-08-12 22:23:00] [INFO    ] [pipeline.3F0E621C] [4/11] Transforming data ...
[2026-08-12 22:23:01] [INFO    ] [pipeline.3F0E621C]   Product : 503  Customer : 19,821  Sales : 121,317
[2026-08-12 22:23:01] [INFO    ] [pipeline.3F0E621C] [5/11] Loading OLTP tables (PostgreSQL) ...
[2026-08-12 22:23:01] [INFO    ] [pipeline.3F0E621C]   No DB connection — OLTP skipped (data in staging/valid/).
[2026-08-12 22:23:01] [INFO    ] [pipeline.3F0E621C] [6/11] Building Star Schema (DimDate / DimProduct / DimCustomer / FactSales) ...
[2026-08-12 22:23:03] [INFO    ] [pipeline.3F0E621C]   DimDate     : 2,922
[2026-08-12 22:23:03] [INFO    ] [pipeline.3F0E621C]   DimProduct  : 503
[2026-08-12 22:23:03] [INFO    ] [pipeline.3F0E621C]   DimCustomer : 19,821
[2026-08-12 22:23:03] [INFO    ] [pipeline.3F0E621C]   FactSales   : 121,317
[2026-08-12 22:23:03] [INFO    ] [pipeline.3F0E621C] [7/11] No DB — OLAP load skipped.
[2026-08-12 22:23:03] [INFO    ] [pipeline.3F0E621C] [8/11] Building analytics and dashboard datasets ...
[2026-08-12 22:23:03] [INFO    ] [pipeline.3F0E621C]   KPIs computed  : 11
[2026-08-12 22:23:03] [INFO    ] [pipeline.3F0E621C]   Datasets saved : 9
[2026-08-12 22:23:03] [INFO    ] [pipeline.3F0E621C] [9/11] Running final record-count validation ...
[2026-08-12 22:23:03] [INFO    ] [pipeline.3F0E621C]   FactSales count matches source detail count: 121,317
[2026-08-12 22:23:03] [INFO    ] [pipeline.3F0E621C] [10/11] Pipeline completed successfully.
[2026-08-12 22:23:03] [INFO    ] [pipeline.3F0E621C] Run ID: 3F0E621C  |  Status: SUCCESS  |  Duration: 5.2s
[2026-08-12 22:23:03] [INFO    ] [pipeline.3F0E621C] ============================================================
[2026-08-12 22:25:52] [INFO    ] [pipeline.2F584761] ============================================================
[2026-08-12 22:25:52] [INFO    ] [pipeline.2F584761] PIPELINE START  |  Run ID: 2F584761  |  Mode: FULL_REFRESH
[2026-08-12 22:25:52] [INFO    ] [pipeline.2F584761] ============================================================
[2026-08-12 22:25:52] [INFO    ] [pipeline.2F584761] [1/11] Extracting source CSV files ...
[2026-08-12 22:25:53] [INFO    ] [pipeline.2F584761]   Product          : 503
[2026-08-12 22:25:53] [INFO    ] [pipeline.2F584761]   Customer         : 19,821
[2026-08-12 22:25:53] [INFO    ] [pipeline.2F584761]   SalesOrderHeader : 31,465
[2026-08-12 22:25:53] [INFO    ] [pipeline.2F584761]   SalesOrderDetail : 121,317
[2026-08-12 22:25:53] [INFO    ] [pipeline.2F584761] [2/11] Writing raw staging (staging/raw/) ...
[2026-08-12 22:25:53] [INFO    ] [pipeline.2F584761]   Raw Parquet files written (full refresh — overwritten).
[2026-08-12 22:25:53] [INFO    ] [pipeline.2F584761] [3/11] Running validation (schema / null / duplicate / outlier) ...
[2026-08-12 22:25:54] [INFO    ] [pipeline.2F584761]   Valid     : 173,106
[2026-08-12 22:25:54] [INFO    ] [pipeline.2F584761]   Invalid   : 0
[2026-08-12 22:25:54] [INFO    ] [pipeline.2F584761]   Dupes     : 0
[2026-08-12 22:25:54] [INFO    ] [pipeline.2F584761]   Outliers  : 18,936
[2026-08-12 22:25:54] [INFO    ] [pipeline.2F584761] [4/11] Transforming data ...
[2026-08-12 22:25:55] [INFO    ] [pipeline.2F584761]   Product : 503  Customer : 19,821  Sales : 121,317
[2026-08-12 22:25:55] [INFO    ] [pipeline.2F584761] [5/11] Loading OLTP tables (PostgreSQL) ...
[2026-08-12 22:25:55] [INFO    ] [pipeline.2F584761]   No DB connection — OLTP skipped (data in staging/valid/).
[2026-08-12 22:25:55] [INFO    ] [pipeline.2F584761] [6/11] Building Star Schema (DimDate / DimProduct / DimCustomer / FactSales) ...
[2026-08-12 22:25:57] [INFO    ] [pipeline.2F584761]   DimDate     : 2,922
[2026-08-12 22:25:57] [INFO    ] [pipeline.2F584761]   DimProduct  : 503
[2026-08-12 22:25:57] [INFO    ] [pipeline.2F584761]   DimCustomer : 19,821
[2026-08-12 22:25:57] [INFO    ] [pipeline.2F584761]   FactSales   : 121,317
[2026-08-12 22:25:57] [INFO    ] [pipeline.2F584761] [7/11] No DB — OLAP load skipped.
[2026-08-12 22:25:57] [INFO    ] [pipeline.2F584761] [8/11] Building analytics and dashboard datasets ...
[2026-08-12 22:25:57] [INFO    ] [pipeline.2F584761]   KPIs computed  : 11
[2026-08-12 22:25:57] [INFO    ] [pipeline.2F584761]   Datasets saved : 9
[2026-08-12 22:25:57] [INFO    ] [pipeline.2F584761] [9/11] Running final record-count validation ...
[2026-08-12 22:25:57] [INFO    ] [pipeline.2F584761]   FactSales count matches source detail count: 121,317
[2026-08-12 22:25:57] [INFO    ] [pipeline.2F584761] [10/11] Pipeline completed successfully.
[2026-08-12 22:25:57] [INFO    ] [pipeline.2F584761] Run ID: 2F584761  |  Status: SUCCESS  |  Duration: 4.8s
[2026-08-12 22:25:57] [INFO    ] [pipeline.2F584761] ============================================================
[2026-08-12 22:32:06] [INFO    ] [pipeline.B01391F9] ============================================================
[2026-08-12 22:32:06] [INFO    ] [pipeline.B01391F9] PIPELINE START  |  Run ID: B01391F9  |  Mode: FULL_REFRESH
[2026-08-12 22:32:06] [INFO    ] [pipeline.B01391F9] ============================================================
[2026-08-12 22:32:06] [INFO    ] [pipeline.B01391F9] [1/11] Extracting source CSV files ...
[2026-08-12 22:32:07] [INFO    ] [pipeline.B01391F9]   Product          : 503
[2026-08-12 22:32:07] [INFO    ] [pipeline.B01391F9]   Customer         : 19,821
[2026-08-12 22:32:07] [INFO    ] [pipeline.B01391F9]   SalesOrderHeader : 31,465
[2026-08-12 22:32:07] [INFO    ] [pipeline.B01391F9]   SalesOrderDetail : 121,317
[2026-08-12 22:32:07] [INFO    ] [pipeline.B01391F9] [2/11] Writing raw staging (staging/raw/) ...
[2026-08-12 22:32:07] [INFO    ] [pipeline.B01391F9]   Raw Parquet files written (full refresh — overwritten).
[2026-08-12 22:32:07] [INFO    ] [pipeline.B01391F9] [3/11] Running validation (schema / null / duplicate / outlier) ...
[2026-08-12 22:32:08] [INFO    ] [pipeline.B01391F9]   Valid     : 173,106
[2026-08-12 22:32:08] [INFO    ] [pipeline.B01391F9]   Invalid   : 0
[2026-08-12 22:32:08] [INFO    ] [pipeline.B01391F9]   Dupes     : 0
[2026-08-12 22:32:08] [INFO    ] [pipeline.B01391F9]   Outliers  : 18,936
[2026-08-12 22:32:08] [INFO    ] [pipeline.B01391F9] [4/11] Transforming data ...
[2026-08-12 22:32:09] [INFO    ] [pipeline.B01391F9]   Product : 503  Customer : 19,821  Sales : 121,317
[2026-08-12 22:32:09] [INFO    ] [pipeline.B01391F9] [5/11] Loading OLTP tables (PostgreSQL) ...
[2026-08-12 22:32:09] [INFO    ] [pipeline.B01391F9]   No DB connection — OLTP skipped (data in staging/valid/).
[2026-08-12 22:32:09] [INFO    ] [pipeline.B01391F9] [6/11] Building Star Schema (DimDate / DimProduct / DimCustomer / FactSales) ...
[2026-08-12 22:32:11] [INFO    ] [pipeline.B01391F9]   DimDate     : 2,922
[2026-08-12 22:32:11] [INFO    ] [pipeline.B01391F9]   DimProduct  : 503
[2026-08-12 22:32:11] [INFO    ] [pipeline.B01391F9]   DimCustomer : 19,821
[2026-08-12 22:32:11] [INFO    ] [pipeline.B01391F9]   FactSales   : 121,317
[2026-08-12 22:32:11] [INFO    ] [pipeline.B01391F9] [7/11] No DB — OLAP load skipped.
[2026-08-12 22:32:11] [INFO    ] [pipeline.B01391F9] [8/11] Building analytics and dashboard datasets ...
[2026-08-12 22:32:12] [INFO    ] [pipeline.B01391F9]   KPIs computed  : 11
[2026-08-12 22:32:12] [INFO    ] [pipeline.B01391F9]   Datasets saved : 9
[2026-08-12 22:32:12] [INFO    ] [pipeline.B01391F9] [9/11] Running final record-count validation ...
[2026-08-12 22:32:12] [INFO    ] [pipeline.B01391F9]   FactSales count matches source detail count: 121,317
[2026-08-12 22:32:12] [INFO    ] [pipeline.B01391F9] [10/11] Pipeline completed successfully.
[2026-08-12 22:32:12] [INFO    ] [pipeline.B01391F9] Run ID: B01391F9  |  Status: SUCCESS  |  Duration: 5.5s
[2026-08-12 22:32:12] [INFO    ] [pipeline.B01391F9] ============================================================
[2026-08-12 22:34:37] [INFO    ] [pipeline.51EE70B4] ============================================================
[2026-08-12 22:34:37] [INFO    ] [pipeline.51EE70B4] PIPELINE START  |  Run ID: 51EE70B4  |  Mode: FULL_REFRESH
[2026-08-12 22:34:37] [INFO    ] [pipeline.51EE70B4] ============================================================
[2026-08-12 22:34:37] [INFO    ] [pipeline.51EE70B4] [1/11] Extracting source CSV files ...
[2026-08-12 22:34:37] [INFO    ] [pipeline.51EE70B4]   Product          : 503
[2026-08-12 22:34:37] [INFO    ] [pipeline.51EE70B4]   Customer         : 19,821
[2026-08-12 22:34:37] [INFO    ] [pipeline.51EE70B4]   SalesOrderHeader : 31,465
[2026-08-12 22:34:37] [INFO    ] [pipeline.51EE70B4]   SalesOrderDetail : 121,317
[2026-08-12 22:34:37] [INFO    ] [pipeline.51EE70B4] [2/11] Writing raw staging (staging/raw/) ...
[2026-08-12 22:34:38] [INFO    ] [pipeline.51EE70B4]   Raw Parquet files written (full refresh — overwritten).
[2026-08-12 22:34:38] [INFO    ] [pipeline.51EE70B4] [3/11] Running validation (schema / null / duplicate / outlier) ...
[2026-08-12 22:34:39] [INFO    ] [pipeline.51EE70B4]   Valid     : 173,106
[2026-08-12 22:34:39] [INFO    ] [pipeline.51EE70B4]   Invalid   : 0
[2026-08-12 22:34:39] [INFO    ] [pipeline.51EE70B4]   Dupes     : 0
[2026-08-12 22:34:39] [INFO    ] [pipeline.51EE70B4]   Outliers  : 18,936
[2026-08-12 22:34:39] [INFO    ] [pipeline.51EE70B4] [4/11] Transforming data ...
[2026-08-12 22:34:40] [INFO    ] [pipeline.51EE70B4]   Product : 503  Customer : 19,821  Sales : 121,317
[2026-08-12 22:34:40] [INFO    ] [pipeline.51EE70B4] [5/11] Loading OLTP tables (PostgreSQL) ...
[2026-08-12 22:34:40] [INFO    ] [pipeline.51EE70B4]   No DB connection — OLTP skipped (data in staging/valid/).
[2026-08-12 22:34:40] [INFO    ] [pipeline.51EE70B4] [6/11] Building Star Schema (DimDate / DimProduct / DimCustomer / FactSales) ...
[2026-08-12 22:34:41] [INFO    ] [pipeline.51EE70B4]   DimDate     : 2,922
[2026-08-12 22:34:41] [INFO    ] [pipeline.51EE70B4]   DimProduct  : 503
[2026-08-12 22:34:41] [INFO    ] [pipeline.51EE70B4]   DimCustomer : 19,821
[2026-08-12 22:34:41] [INFO    ] [pipeline.51EE70B4]   FactSales   : 121,317
[2026-08-12 22:34:41] [INFO    ] [pipeline.51EE70B4] [7/11] No DB — OLAP load skipped.
[2026-08-12 22:34:41] [INFO    ] [pipeline.51EE70B4] [8/11] Building analytics and dashboard datasets ...
[2026-08-12 22:34:42] [INFO    ] [pipeline.51EE70B4]   KPIs computed  : 11
[2026-08-12 22:34:42] [INFO    ] [pipeline.51EE70B4]   Datasets saved : 9
[2026-08-12 22:34:42] [INFO    ] [pipeline.51EE70B4] [9/11] Running final record-count validation ...
[2026-08-12 22:34:42] [INFO    ] [pipeline.51EE70B4]   FactSales count matches source detail count: 121,317
[2026-08-12 22:34:42] [INFO    ] [pipeline.51EE70B4] [10/11] Pipeline completed successfully.
[2026-08-12 22:34:42] [INFO    ] [pipeline.51EE70B4] Run ID: 51EE70B4  |  Status: SUCCESS  |  Duration: 4.7s
[2026-08-12 22:34:42] [INFO    ] [pipeline.51EE70B4] ============================================================
[2026-08-12 22:39:44] [INFO    ] [pipeline.FC91C9A8] ============================================================
[2026-08-12 22:39:44] [INFO    ] [pipeline.FC91C9A8] PIPELINE START  |  Run ID: FC91C9A8  |  Mode: FULL_REFRESH
[2026-08-12 22:39:44] [INFO    ] [pipeline.FC91C9A8] ============================================================
[2026-08-12 22:39:44] [INFO    ] [pipeline.FC91C9A8] [1/11] Extracting source CSV files ...
[2026-08-12 22:39:44] [INFO    ] [pipeline.FC91C9A8]   Product          : 503
[2026-08-12 22:39:44] [INFO    ] [pipeline.FC91C9A8]   Customer         : 19,821
[2026-08-12 22:39:44] [INFO    ] [pipeline.FC91C9A8]   SalesOrderHeader : 31,465
[2026-08-12 22:39:44] [INFO    ] [pipeline.FC91C9A8]   SalesOrderDetail : 121,317
[2026-08-12 22:39:44] [INFO    ] [pipeline.FC91C9A8] [2/11] Writing raw staging (staging/raw/) ...
[2026-08-12 22:39:45] [INFO    ] [pipeline.FC91C9A8]   Raw Parquet files written (full refresh — overwritten).
[2026-08-12 22:39:45] [INFO    ] [pipeline.FC91C9A8] [3/11] Running validation (schema / null / duplicate / outlier) ...
[2026-08-12 22:39:46] [INFO    ] [pipeline.FC91C9A8]   Valid     : 173,106
[2026-08-12 22:39:46] [INFO    ] [pipeline.FC91C9A8]   Invalid   : 0
[2026-08-12 22:39:46] [INFO    ] [pipeline.FC91C9A8]   Dupes     : 0
[2026-08-12 22:39:46] [INFO    ] [pipeline.FC91C9A8]   Outliers  : 18,936
[2026-08-12 22:39:46] [INFO    ] [pipeline.FC91C9A8] [4/11] Transforming data ...
[2026-08-12 22:39:47] [INFO    ] [pipeline.FC91C9A8]   Product : 503  Customer : 19,821  Sales : 121,317
[2026-08-12 22:39:47] [INFO    ] [pipeline.FC91C9A8] [5/11] Loading OLTP tables (PostgreSQL) ...
[2026-08-12 22:39:47] [INFO    ] [pipeline.FC91C9A8]   No DB connection — OLTP skipped (data in staging/valid/).
[2026-08-12 22:39:47] [INFO    ] [pipeline.FC91C9A8] [6/11] Building Star Schema (DimDate / DimProduct / DimCustomer / FactSales) ...
[2026-08-12 22:39:49] [INFO    ] [pipeline.FC91C9A8]   DimDate     : 2,922
[2026-08-12 22:39:49] [INFO    ] [pipeline.FC91C9A8]   DimProduct  : 503
[2026-08-12 22:39:49] [INFO    ] [pipeline.FC91C9A8]   DimCustomer : 19,821
[2026-08-12 22:39:49] [INFO    ] [pipeline.FC91C9A8]   FactSales   : 121,317
[2026-08-12 22:39:49] [INFO    ] [pipeline.FC91C9A8] [7/11] No DB — OLAP load skipped.
[2026-08-12 22:39:49] [INFO    ] [pipeline.FC91C9A8] [8/11] Building analytics and dashboard datasets ...
[2026-08-12 22:39:49] [INFO    ] [pipeline.FC91C9A8]   KPIs computed  : 11
[2026-08-12 22:39:49] [INFO    ] [pipeline.FC91C9A8]   Datasets saved : 9
[2026-08-12 22:39:49] [INFO    ] [pipeline.FC91C9A8] [9/11] Running final record-count validation ...
[2026-08-12 22:39:49] [INFO    ] [pipeline.FC91C9A8]   FactSales count matches source detail count: 121,317
[2026-08-12 22:39:49] [INFO    ] [pipeline.FC91C9A8] [10/11] Pipeline completed successfully.
[2026-08-12 22:39:49] [INFO    ] [pipeline.FC91C9A8] Run ID: FC91C9A8  |  Status: SUCCESS  |  Duration: 5.1s
[2026-08-12 22:39:49] [INFO    ] [pipeline.FC91C9A8] ============================================================
[2026-08-12 23:01:23] [INFO    ] [pipeline.D5B4A201] ============================================================
[2026-08-12 23:01:23] [INFO    ] [pipeline.D5B4A201] PIPELINE START  |  Run ID: D5B4A201  |  Mode: FULL_REFRESH
[2026-08-12 23:01:23] [INFO    ] [pipeline.D5B4A201] ============================================================
[2026-08-12 23:01:23] [INFO    ] [pipeline.D5B4A201] [1/11] Extracting source CSV files ...
[2026-08-12 23:01:24] [INFO    ] [pipeline.D5B4A201]   Product          : 503
[2026-08-12 23:01:24] [INFO    ] [pipeline.D5B4A201]   Customer         : 19,821
[2026-08-12 23:01:24] [INFO    ] [pipeline.D5B4A201]   SalesOrderHeader : 31,465
[2026-08-12 23:01:24] [INFO    ] [pipeline.D5B4A201]   SalesOrderDetail : 121,317
[2026-08-12 23:01:24] [INFO    ] [pipeline.D5B4A201] [2/11] Writing raw staging (staging/raw/) ...
[2026-08-12 23:01:24] [INFO    ] [pipeline.D5B4A201]   Raw Parquet files written (full refresh — overwritten).
[2026-08-12 23:01:24] [INFO    ] [pipeline.D5B4A201] [3/11] Running validation (schema / null / duplicate / outlier) ...
[2026-08-12 23:01:25] [INFO    ] [pipeline.D5B4A201]   Valid     : 173,106
[2026-08-12 23:01:25] [INFO    ] [pipeline.D5B4A201]   Invalid   : 0
[2026-08-12 23:01:25] [INFO    ] [pipeline.D5B4A201]   Dupes     : 0
[2026-08-12 23:01:25] [INFO    ] [pipeline.D5B4A201]   Outliers  : 18,936
[2026-08-12 23:01:25] [INFO    ] [pipeline.D5B4A201] [4/11] Transforming data ...
[2026-08-12 23:01:26] [INFO    ] [pipeline.D5B4A201]   Product : 503  Customer : 19,821  Sales : 121,317
[2026-08-12 23:01:26] [INFO    ] [pipeline.D5B4A201] [5/11] Loading OLTP tables (PostgreSQL) ...
[2026-08-12 23:01:26] [INFO    ] [pipeline.D5B4A201]   No DB connection — OLTP skipped (data in staging/valid/).
[2026-08-12 23:01:26] [INFO    ] [pipeline.D5B4A201] [6/11] Building Star Schema (DimDate / DimProduct / DimCustomer / FactSales) ...
[2026-08-12 23:01:28] [INFO    ] [pipeline.D5B4A201]   DimDate     : 2,922
[2026-08-12 23:01:28] [INFO    ] [pipeline.D5B4A201]   DimProduct  : 503
[2026-08-12 23:01:28] [INFO    ] [pipeline.D5B4A201]   DimCustomer : 19,821
[2026-08-12 23:01:28] [INFO    ] [pipeline.D5B4A201]   FactSales   : 121,317
[2026-08-12 23:01:28] [INFO    ] [pipeline.D5B4A201] [7/11] No DB — OLAP load skipped.
[2026-08-12 23:01:28] [INFO    ] [pipeline.D5B4A201] [8/11] Building analytics and dashboard datasets ...
[2026-08-12 23:01:28] [INFO    ] [pipeline.D5B4A201]   KPIs computed  : 11
[2026-08-12 23:01:28] [INFO    ] [pipeline.D5B4A201]   Datasets saved : 9
[2026-08-12 23:01:28] [INFO    ] [pipeline.D5B4A201] [9/11] Running final record-count validation ...
[2026-08-12 23:01:28] [INFO    ] [pipeline.D5B4A201]   FactSales count matches source detail count: 121,317
[2026-08-12 23:01:28] [INFO    ] [pipeline.D5B4A201] [10/11] Pipeline completed successfully.
[2026-08-12 23:01:28] [INFO    ] [pipeline.D5B4A201] Run ID: D5B4A201  |  Status: SUCCESS  |  Duration: 4.7s
[2026-08-12 23:01:28] [INFO    ] [pipeline.D5B4A201] ============================================================
[2026-08-12 23:03:24] [INFO    ] [pipeline.4C39010E] ============================================================
[2026-08-12 23:03:24] [INFO    ] [pipeline.4C39010E] PIPELINE START  |  Run ID: 4C39010E  |  Mode: FULL_REFRESH
[2026-08-12 23:03:24] [INFO    ] [pipeline.4C39010E] ============================================================
[2026-08-12 23:03:24] [INFO    ] [pipeline.4C39010E] [1/11] Extracting source CSV files ...
[2026-08-12 23:03:24] [INFO    ] [pipeline.4C39010E]   Product          : 503
[2026-08-12 23:03:24] [INFO    ] [pipeline.4C39010E]   Customer         : 19,821
[2026-08-12 23:03:24] [INFO    ] [pipeline.4C39010E]   SalesOrderHeader : 31,465
[2026-08-12 23:03:24] [INFO    ] [pipeline.4C39010E]   SalesOrderDetail : 121,317
[2026-08-12 23:03:24] [INFO    ] [pipeline.4C39010E] [2/11] Writing raw staging (staging/raw/) ...
[2026-08-12 23:03:25] [INFO    ] [pipeline.4C39010E]   Raw Parquet files written (full refresh — overwritten).
[2026-08-12 23:03:25] [INFO    ] [pipeline.4C39010E] [3/11] Running validation (schema / null / duplicate / outlier) ...
[2026-08-12 23:03:26] [INFO    ] [pipeline.4C39010E]   Valid     : 173,106
[2026-08-12 23:03:26] [INFO    ] [pipeline.4C39010E]   Invalid   : 0
[2026-08-12 23:03:26] [INFO    ] [pipeline.4C39010E]   Dupes     : 0
[2026-08-12 23:03:26] [INFO    ] [pipeline.4C39010E]   Outliers  : 18,936
[2026-08-12 23:03:26] [INFO    ] [pipeline.4C39010E] [4/11] Transforming data ...
[2026-08-12 23:03:27] [INFO    ] [pipeline.4C39010E]   Product : 503  Customer : 19,821  Sales : 121,317
[2026-08-12 23:03:27] [INFO    ] [pipeline.4C39010E] [5/11] Loading OLTP tables (PostgreSQL) ...
[2026-08-12 23:03:27] [INFO    ] [pipeline.4C39010E]   No DB connection — OLTP skipped (data in staging/valid/).
[2026-08-12 23:03:27] [INFO    ] [pipeline.4C39010E] [6/11] Building Star Schema (DimDate / DimProduct / DimCustomer / FactSales) ...
[2026-08-12 23:03:28] [INFO    ] [pipeline.4C39010E]   DimDate     : 2,922
[2026-08-12 23:03:28] [INFO    ] [pipeline.4C39010E]   DimProduct  : 503
[2026-08-12 23:03:28] [INFO    ] [pipeline.4C39010E]   DimCustomer : 19,821
[2026-08-12 23:03:28] [INFO    ] [pipeline.4C39010E]   FactSales   : 121,317
[2026-08-12 23:03:28] [INFO    ] [pipeline.4C39010E] [7/11] No DB — OLAP load skipped.
[2026-08-12 23:03:28] [INFO    ] [pipeline.4C39010E] [8/11] Building analytics and dashboard datasets ...
[2026-08-12 23:03:29] [INFO    ] [pipeline.4C39010E]   KPIs computed  : 11
[2026-08-12 23:03:29] [INFO    ] [pipeline.4C39010E]   Datasets saved : 9
[2026-08-12 23:03:29] [INFO    ] [pipeline.4C39010E] [9/11] Running final record-count validation ...
[2026-08-12 23:03:29] [INFO    ] [pipeline.4C39010E]   FactSales count matches source detail count: 121,317
[2026-08-12 23:03:29] [INFO    ] [pipeline.4C39010E] [10/11] Pipeline completed successfully.
[2026-08-12 23:03:29] [INFO    ] [pipeline.4C39010E] Run ID: 4C39010E  |  Status: SUCCESS  |  Duration: 5.0s
[2026-08-12 23:03:29] [INFO    ] [pipeline.4C39010E] ============================================================
[2026-08-12 23:03:52] [INFO    ] [pipeline.4ACF0385] ============================================================
[2026-08-12 23:03:52] [INFO    ] [pipeline.4ACF0385] PIPELINE START  |  Run ID: 4ACF0385  |  Mode: FULL_REFRESH
[2026-08-12 23:03:52] [INFO    ] [pipeline.4ACF0385] ============================================================
[2026-08-12 23:03:52] [INFO    ] [pipeline.4ACF0385] [1/11] Extracting source CSV files ...
[2026-08-12 23:03:53] [INFO    ] [pipeline.4ACF0385]   Product          : 503
[2026-08-12 23:03:53] [INFO    ] [pipeline.4ACF0385]   Customer         : 19,821
[2026-08-12 23:03:53] [INFO    ] [pipeline.4ACF0385]   SalesOrderHeader : 31,465
[2026-08-12 23:03:53] [INFO    ] [pipeline.4ACF0385]   SalesOrderDetail : 121,317
[2026-08-12 23:03:53] [INFO    ] [pipeline.4ACF0385] [2/11] Writing raw staging (staging/raw/) ...
[2026-08-12 23:03:53] [INFO    ] [pipeline.4ACF0385]   Raw Parquet files written (full refresh — overwritten).
[2026-08-12 23:03:53] [INFO    ] [pipeline.4ACF0385] [3/11] Running validation (schema / null / duplicate / outlier) ...
[2026-08-12 23:03:54] [INFO    ] [pipeline.4ACF0385]   Valid     : 173,106
[2026-08-12 23:03:54] [INFO    ] [pipeline.4ACF0385]   Invalid   : 0
[2026-08-12 23:03:54] [INFO    ] [pipeline.4ACF0385]   Dupes     : 0
[2026-08-12 23:03:54] [INFO    ] [pipeline.4ACF0385]   Outliers  : 18,936
[2026-08-12 23:03:54] [INFO    ] [pipeline.4ACF0385] [4/11] Transforming data ...
[2026-08-12 23:03:55] [INFO    ] [pipeline.4ACF0385]   Product : 503  Customer : 19,821  Sales : 121,317
[2026-08-12 23:03:55] [INFO    ] [pipeline.4ACF0385] [5/11] Loading OLTP tables (PostgreSQL) ...
[2026-08-12 23:03:55] [INFO    ] [pipeline.4ACF0385]   No DB connection — OLTP skipped (data in staging/valid/).
[2026-08-12 23:03:55] [INFO    ] [pipeline.4ACF0385] [6/11] Building Star Schema (DimDate / DimProduct / DimCustomer / FactSales) ...
[2026-08-12 23:03:56] [INFO    ] [pipeline.4ACF0385]   DimDate     : 2,922
[2026-08-12 23:03:56] [INFO    ] [pipeline.4ACF0385]   DimProduct  : 503
[2026-08-12 23:03:56] [INFO    ] [pipeline.4ACF0385]   DimCustomer : 19,821
[2026-08-12 23:03:56] [INFO    ] [pipeline.4ACF0385]   FactSales   : 121,317
[2026-08-12 23:03:56] [INFO    ] [pipeline.4ACF0385] [7/11] No DB — OLAP load skipped.
[2026-08-12 23:03:56] [INFO    ] [pipeline.4ACF0385] [8/11] Building analytics and dashboard datasets ...
[2026-08-12 23:03:57] [INFO    ] [pipeline.4ACF0385]   KPIs computed  : 11
[2026-08-12 23:03:57] [INFO    ] [pipeline.4ACF0385]   Datasets saved : 9
[2026-08-12 23:03:57] [INFO    ] [pipeline.4ACF0385] [9/11] Running final record-count validation ...
[2026-08-12 23:03:57] [INFO    ] [pipeline.4ACF0385]   FactSales count matches source detail count: 121,317
[2026-08-12 23:03:57] [INFO    ] [pipeline.4ACF0385] [10/11] Pipeline completed successfully.
[2026-08-12 23:03:57] [INFO    ] [pipeline.4ACF0385] Run ID: 4ACF0385  |  Status: SUCCESS  |  Duration: 4.3s
[2026-08-12 23:03:57] [INFO    ] [pipeline.4ACF0385] ============================================================
[2026-08-12 23:07:21] [INFO    ] [resilient.AB046F9C] ============================================================
[2026-08-12 23:07:21] [INFO    ] [resilient.AB046F9C] RESILIENT PIPELINE START  |  Run ID: AB046F9C
[2026-08-12 23:07:21] [INFO    ] [resilient.AB046F9C] ============================================================
[2026-08-12 23:07:21] [INFO    ] [resilient.AB046F9C] [0] Running pre-flight health checks ...
[2026-08-12 23:07:21] [INFO    ] [resilient.AB046F9C]   Health checks: PASSED (12 checks)
[2026-08-12 23:07:21] [INFO    ] [resilient.AB046F9C] [1] Extracting source data (with retry) ...
[2026-08-12 23:07:21] [INFO    ] [resilient.AB046F9C]   Extracted 173,106 total records
[2026-08-12 23:07:21] [INFO    ] [resilient.AB046F9C] [2] Writing raw staging (atomic) ...
[2026-08-12 23:07:22] [INFO    ] [resilient.AB046F9C]   Atomic staging complete: 4 files written.
[2026-08-12 23:07:22] [INFO    ] [resilient.AB046F9C] [3] Validating data ...
[2026-08-12 23:07:22] [INFO    ] [resilient.AB046F9C]   Valid=173,106  Invalid=0  Outliers=18,936
[2026-08-12 23:07:22] [INFO    ] [resilient.AB046F9C] [4] Running DQ rules engine ...
[2026-08-12 23:07:22] [INFO    ] [resilient.AB046F9C]   DQ: 16/16 passed  Warnings=0  Errors=0
[2026-08-12 23:07:22] [INFO    ] [resilient.AB046F9C] [5] Transforming data ...
[2026-08-12 23:07:23] [INFO    ] [resilient.AB046F9C]   Product=503  Customer=19,821  Sales=121,317
[2026-08-12 23:07:23] [INFO    ] [resilient.AB046F9C] [6] Checking alert thresholds ...
[2026-08-12 23:07:23] [INFO    ] [resilient.AB046F9C]   All thresholds within acceptable range.
[2026-08-12 23:07:23] [INFO    ] [resilient.AB046F9C] [7] Loading OLTP tables ...
[2026-08-12 23:07:23] [INFO    ] [resilient.AB046F9C]   OLTP skipped (db_load=False).
[2026-08-12 23:07:23] [INFO    ] [resilient.AB046F9C] [8] Building Star Schema ...
[2026-08-12 23:07:24] [INFO    ] [resilient.AB046F9C]   FactSales: 121,317 rows
[2026-08-12 23:07:24] [INFO    ] [resilient.AB046F9C] [9] Building analytics datasets ...
[2026-08-12 23:07:25] [INFO    ] [resilient.AB046F9C]   KPIs=11  Datasets=9
[2026-08-12 23:07:25] [INFO    ] [resilient.AB046F9C] [10] Final record-count validation ...
[2026-08-12 23:07:25] [INFO    ] [resilient.AB046F9C]   FactSales matches source: 121,317
[2026-08-12 23:07:25] [INFO    ] [resilient.AB046F9C] Pipeline completed: SUCCESS
[2026-08-12 23:07:25] [INFO    ] [resilient.AB046F9C] Run ID: AB046F9C  Status: SUCCESS  Duration: 4.2s
[2026-08-12 23:07:25] [INFO    ] [resilient.AB046F9C] ============================================================
[2026-08-12 23:38:05] [INFO    ] [resilient.4CE4468A] ============================================================
[2026-08-12 23:38:05] [INFO    ] [resilient.4CE4468A] RESILIENT PIPELINE START  |  Run ID: 4CE4468A
[2026-08-12 23:38:05] [INFO    ] [resilient.4CE4468A] ============================================================
[2026-08-12 23:38:05] [INFO    ] [resilient.4CE4468A] [0] Running pre-flight health checks ...
[2026-08-12 23:38:05] [INFO    ] [resilient.4CE4468A]   Health checks: PASSED (12 checks)
[2026-08-12 23:38:05] [INFO    ] [resilient.4CE4468A] [1] Extracting source data (with retry) ...
[2026-08-12 23:38:06] [INFO    ] [resilient.4CE4468A]   Extracted 173,106 total records
[2026-08-12 23:38:06] [INFO    ] [resilient.4CE4468A] [2] Writing raw staging (atomic) ...
[2026-08-12 23:38:06] [INFO    ] [resilient.4CE4468A]   Atomic staging complete: 4 files written.
[2026-08-12 23:38:06] [INFO    ] [resilient.4CE4468A] [3] Validating data ...
[2026-08-12 23:38:07] [INFO    ] [resilient.4CE4468A]   Valid=173,106  Invalid=0  Outliers=18,936
[2026-08-12 23:38:07] [INFO    ] [resilient.4CE4468A] [4] Running DQ rules engine ...
[2026-08-12 23:38:07] [INFO    ] [resilient.4CE4468A]   DQ: 16/16 passed  Warnings=0  Errors=0
[2026-08-12 23:38:07] [INFO    ] [resilient.4CE4468A] [5] Transforming data ...
[2026-08-12 23:38:08] [INFO    ] [resilient.4CE4468A]   Product=503  Customer=19,821  Sales=121,317
[2026-08-12 23:38:08] [INFO    ] [resilient.4CE4468A] [6] Checking alert thresholds ...
[2026-08-12 23:38:08] [INFO    ] [resilient.4CE4468A]   All thresholds within acceptable range.
[2026-08-12 23:38:08] [INFO    ] [resilient.4CE4468A] [7] Loading OLTP tables ...
[2026-08-12 23:38:08] [INFO    ] [resilient.4CE4468A]   OLTP skipped (db_load=False).
[2026-08-12 23:38:08] [INFO    ] [resilient.4CE4468A] [8] Building Star Schema ...
[2026-08-12 23:38:09] [INFO    ] [resilient.4CE4468A]   FactSales: 121,317 rows
[2026-08-12 23:38:09] [INFO    ] [resilient.4CE4468A] [9] Building analytics datasets ...
[2026-08-12 23:38:10] [INFO    ] [resilient.4CE4468A]   KPIs=11  Datasets=9
[2026-08-12 23:38:10] [INFO    ] [resilient.4CE4468A] [10] Final record-count validation ...
[2026-08-12 23:38:10] [INFO    ] [resilient.4CE4468A]   FactSales matches source: 121,317
[2026-08-12 23:38:10] [INFO    ] [resilient.4CE4468A] Pipeline completed: SUCCESS
[2026-08-12 23:38:10] [INFO    ] [resilient.4CE4468A] Run ID: 4CE4468A  Status: SUCCESS  Duration: 4.2s
[2026-08-12 23:38:10] [INFO    ] [resilient.4CE4468A] ============================================================
[2026-08-12 23:44:58] [INFO    ] [resilient.A377C0E8] ============================================================
[2026-08-12 23:44:58] [INFO    ] [resilient.A377C0E8] RESILIENT PIPELINE START  |  Run ID: A377C0E8
[2026-08-12 23:44:58] [INFO    ] [resilient.A377C0E8] ============================================================
[2026-08-12 23:44:58] [INFO    ] [resilient.A377C0E8] [0] Running pre-flight health checks ...
[2026-08-12 23:44:58] [INFO    ] [resilient.A377C0E8]   Health checks: PASSED (12 checks)
[2026-08-12 23:44:58] [INFO    ] [resilient.A377C0E8] [1] Extracting source data (with retry) ...
[2026-08-12 23:44:58] [INFO    ] [resilient.A377C0E8]   Extracted 173,106 total records
[2026-08-12 23:44:58] [INFO    ] [resilient.A377C0E8] [2] Writing raw staging (atomic) ...
[2026-08-12 23:44:59] [INFO    ] [resilient.A377C0E8]   Atomic staging complete: 4 files written.
[2026-08-12 23:44:59] [INFO    ] [resilient.A377C0E8] [3] Validating data ...
[2026-08-12 23:44:59] [INFO    ] [resilient.A377C0E8]   Valid=173,106  Invalid=0  Outliers=18,936
[2026-08-12 23:44:59] [INFO    ] [resilient.A377C0E8] [4] Running DQ rules engine ...
[2026-08-12 23:44:59] [INFO    ] [resilient.A377C0E8]   DQ: 16/16 passed  Warnings=0  Errors=0
[2026-08-12 23:44:59] [INFO    ] [resilient.A377C0E8] [5] Transforming data ...
[2026-08-12 23:44:59] [INFO    ] [resilient.A377C0E8]   Product=503  Customer=19,821  Sales=121,317
[2026-08-12 23:44:59] [INFO    ] [resilient.A377C0E8] [6] Checking alert thresholds ...
[2026-08-12 23:44:59] [INFO    ] [resilient.A377C0E8]   All thresholds within acceptable range.
[2026-08-12 23:44:59] [INFO    ] [resilient.A377C0E8] [7] Loading OLTP tables ...
[2026-08-12 23:45:00] [INFO    ] [resilient.A377C0E8] [8] Building Star Schema ...
[2026-08-12 23:45:00] [INFO    ] [resilient.A377C0E8]   FactSales: 121,317 rows
[2026-08-12 23:45:00] [INFO    ] [resilient.A377C0E8] [9] Building analytics datasets ...
[2026-08-12 23:45:01] [INFO    ] [resilient.A377C0E8]   KPIs=11  Datasets=9
[2026-08-12 23:45:01] [INFO    ] [resilient.A377C0E8] [10] Final record-count validation ...
[2026-08-12 23:45:01] [INFO    ] [resilient.A377C0E8]   FactSales matches source: 121,317
[2026-08-12 23:45:01] [INFO    ] [resilient.A377C0E8] Pipeline completed: SUCCESS
[2026-08-12 23:45:01] [INFO    ] [resilient.A377C0E8] Run ID: A377C0E8  Status: SUCCESS  Duration: 2.4s
[2026-08-12 23:45:01] [INFO    ] [resilient.A377C0E8] ============================================================
[2026-08-12 23:45:18] [INFO    ] [resilient.58B1380D] ============================================================
[2026-08-12 23:45:18] [INFO    ] [resilient.58B1380D] RESILIENT PIPELINE START  |  Run ID: 58B1380D
[2026-08-12 23:45:18] [INFO    ] [resilient.58B1380D] ============================================================
[2026-08-12 23:45:18] [INFO    ] [resilient.58B1380D] [0] Running pre-flight health checks ...
[2026-08-12 23:45:18] [INFO    ] [resilient.58B1380D]   Health checks: PASSED (12 checks)
[2026-08-12 23:45:18] [INFO    ] [resilient.58B1380D] [1] Extracting source data (with retry) ...
[2026-08-12 23:45:18] [INFO    ] [resilient.58B1380D]   Extracted 173,106 total records
[2026-08-12 23:45:18] [INFO    ] [resilient.58B1380D] [2] Writing raw staging (atomic) ...
[2026-08-12 23:45:18] [INFO    ] [resilient.58B1380D]   Atomic staging complete: 4 files written.
[2026-08-12 23:45:18] [INFO    ] [resilient.58B1380D] [3] Validating data ...
[2026-08-12 23:45:19] [INFO    ] [resilient.58B1380D]   Valid=173,106  Invalid=0  Outliers=18,936
[2026-08-12 23:45:19] [INFO    ] [resilient.58B1380D] [4] Running DQ rules engine ...
[2026-08-12 23:45:19] [INFO    ] [resilient.58B1380D]   DQ: 16/16 passed  Warnings=0  Errors=0
[2026-08-12 23:45:19] [INFO    ] [resilient.58B1380D] [5] Transforming data ...
[2026-08-12 23:45:19] [INFO    ] [resilient.58B1380D]   Product=503  Customer=19,821  Sales=121,317
[2026-08-12 23:45:19] [INFO    ] [resilient.58B1380D] [6] Checking alert thresholds ...
[2026-08-12 23:45:19] [INFO    ] [resilient.58B1380D]   All thresholds within acceptable range.
[2026-08-12 23:45:19] [INFO    ] [resilient.58B1380D] [7] Loading OLTP tables ...
[2026-08-12 23:45:19] [INFO    ] [resilient.58B1380D] [8] Building Star Schema ...
[2026-08-12 23:45:20] [INFO    ] [resilient.58B1380D]   FactSales: 121,317 rows
[2026-08-12 23:45:20] [INFO    ] [resilient.58B1380D] [9] Building analytics datasets ...
[2026-08-12 23:45:20] [INFO    ] [resilient.58B1380D]   KPIs=11  Datasets=9
[2026-08-12 23:45:20] [INFO    ] [resilient.58B1380D] [10] Final record-count validation ...
[2026-08-12 23:45:20] [INFO    ] [resilient.58B1380D]   FactSales matches source: 121,317
[2026-08-12 23:45:20] [INFO    ] [resilient.58B1380D] Pipeline completed: SUCCESS
[2026-08-12 23:45:20] [INFO    ] [resilient.58B1380D] Run ID: 58B1380D  Status: SUCCESS  Duration: 1.9s
[2026-08-12 23:45:20] [INFO    ] [resilient.58B1380D] ============================================================
[2026-08-13 09:05:50] [INFO    ] [resilient.C0F9B9D4] ============================================================
[2026-08-13 09:05:50] [INFO    ] [resilient.C0F9B9D4] RESILIENT PIPELINE START  |  Run ID: C0F9B9D4
[2026-08-13 09:05:50] [INFO    ] [resilient.C0F9B9D4] ============================================================
[2026-08-13 09:05:50] [INFO    ] [resilient.C0F9B9D4] [0] Running pre-flight health checks ...
[2026-08-13 09:05:50] [INFO    ] [resilient.C0F9B9D4]   Health checks: PASSED (12 checks)
[2026-08-13 09:05:50] [INFO    ] [resilient.C0F9B9D4] [1] Extracting source data (with retry) ...
[2026-08-13 09:05:50] [INFO    ] [resilient.C0F9B9D4]   Extracted 173,106 total records
[2026-08-13 09:05:50] [INFO    ] [resilient.C0F9B9D4] [2] Writing raw staging (atomic) ...
[2026-08-13 09:05:51] [INFO    ] [resilient.C0F9B9D4]   Atomic staging complete: 4 files written.
[2026-08-13 09:05:51] [INFO    ] [resilient.C0F9B9D4] [3] Validating data ...
[2026-08-13 09:05:52] [INFO    ] [resilient.C0F9B9D4]   Valid=173,106  Invalid=0  Outliers=18,936
[2026-08-13 09:05:52] [INFO    ] [resilient.C0F9B9D4] [4] Running DQ rules engine ...
[2026-08-13 09:05:52] [INFO    ] [resilient.C0F9B9D4]   DQ: 16/16 passed  Warnings=0  Errors=0
[2026-08-13 09:05:52] [INFO    ] [resilient.C0F9B9D4] [5] Transforming data ...
[2026-08-13 09:05:54] [INFO    ] [resilient.C0F9B9D4]   Product=503  Customer=19,821  Sales=121,317
[2026-08-13 09:05:54] [INFO    ] [resilient.C0F9B9D4] [6] Checking alert thresholds ...
[2026-08-13 09:05:54] [INFO    ] [resilient.C0F9B9D4]   All thresholds within acceptable range.
[2026-08-13 09:05:54] [INFO    ] [resilient.C0F9B9D4] [7] Loading OLTP tables ...
[2026-08-13 09:05:54] [INFO    ] [resilient.C0F9B9D4]   OLTP skipped (db_load=False).
[2026-08-13 09:05:54] [INFO    ] [resilient.C0F9B9D4] [8] Building Star Schema ...
[2026-08-13 09:05:56] [INFO    ] [resilient.C0F9B9D4]   FactSales: 121,317 rows
[2026-08-13 09:05:56] [INFO    ] [resilient.C0F9B9D4] [9] Building analytics datasets ...
[2026-08-13 09:05:56] [INFO    ] [resilient.C0F9B9D4]   KPIs=11  Datasets=9
[2026-08-13 09:05:56] [INFO    ] [resilient.C0F9B9D4] [10] Final record-count validation ...
[2026-08-13 09:05:56] [INFO    ] [resilient.C0F9B9D4]   FactSales matches source: 121,317
[2026-08-13 09:05:56] [INFO    ] [resilient.C0F9B9D4] Pipeline completed: SUCCESS
[2026-08-13 09:05:56] [INFO    ] [resilient.C0F9B9D4] Run ID: C0F9B9D4  Status: SUCCESS  Duration: 6.7s
[2026-08-13 09:05:56] [INFO    ] [resilient.C0F9B9D4] ============================================================
[2026-08-13 09:06:06] [INFO    ] [resilient.B4471CA8] ============================================================
[2026-08-13 09:06:06] [INFO    ] [resilient.B4471CA8] RESILIENT PIPELINE START  |  Run ID: B4471CA8
[2026-08-13 09:06:06] [INFO    ] [resilient.B4471CA8] ============================================================
[2026-08-13 09:06:06] [INFO    ] [resilient.B4471CA8] [0] Running pre-flight health checks ...
[2026-08-13 09:06:06] [INFO    ] [resilient.B4471CA8]   Health checks: PASSED (12 checks)
[2026-08-13 09:06:06] [INFO    ] [resilient.B4471CA8] [1] Extracting source data (with retry) ...
[2026-08-13 09:06:07] [INFO    ] [resilient.B4471CA8]   Extracted 173,106 total records
[2026-08-13 09:06:07] [INFO    ] [resilient.B4471CA8] [2] Writing raw staging (atomic) ...
[2026-08-13 09:06:08] [INFO    ] [resilient.B4471CA8]   Atomic staging complete: 4 files written.
[2026-08-13 09:06:08] [INFO    ] [resilient.B4471CA8] [3] Validating data ...
[2026-08-13 09:06:09] [INFO    ] [resilient.B4471CA8]   Valid=173,106  Invalid=0  Outliers=18,936
[2026-08-13 09:06:09] [INFO    ] [resilient.B4471CA8] [4] Running DQ rules engine ...
[2026-08-13 09:06:09] [INFO    ] [resilient.B4471CA8]   DQ: 16/16 passed  Warnings=0  Errors=0
[2026-08-13 09:06:09] [INFO    ] [resilient.B4471CA8] [5] Transforming data ...
[2026-08-13 09:06:10] [INFO    ] [resilient.B4471CA8]   Product=503  Customer=19,821  Sales=121,317
[2026-08-13 09:06:10] [INFO    ] [resilient.B4471CA8] [6] Checking alert thresholds ...
[2026-08-13 09:06:10] [INFO    ] [resilient.B4471CA8]   All thresholds within acceptable range.
[2026-08-13 09:06:10] [INFO    ] [resilient.B4471CA8] [7] Loading OLTP tables ...
[2026-08-13 09:06:10] [INFO    ] [resilient.B4471CA8]   OLTP skipped (db_load=False).
[2026-08-13 09:06:10] [INFO    ] [resilient.B4471CA8] [8] Building Star Schema ...
[2026-08-13 09:06:12] [INFO    ] [resilient.B4471CA8]   FactSales: 121,317 rows
[2026-08-13 09:06:12] [INFO    ] [resilient.B4471CA8] [9] Building analytics datasets ...
[2026-08-13 09:06:12] [INFO    ] [resilient.B4471CA8]   KPIs=11  Datasets=9
[2026-08-13 09:06:12] [INFO    ] [resilient.B4471CA8] [10] Final record-count validation ...
[2026-08-13 09:06:12] [INFO    ] [resilient.B4471CA8]   FactSales matches source: 121,317
[2026-08-13 09:06:12] [INFO    ] [resilient.B4471CA8] Pipeline completed: SUCCESS
[2026-08-13 09:06:12] [INFO    ] [resilient.B4471CA8] Run ID: B4471CA8  Status: SUCCESS  Duration: 5.8s
[2026-08-13 09:06:12] [INFO    ] [resilient.B4471CA8] ============================================================
[2026-08-13 09:06:24] [INFO    ] [resilient.332FA536] ============================================================
[2026-08-13 09:06:24] [INFO    ] [resilient.332FA536] RESILIENT PIPELINE START  |  Run ID: 332FA536
[2026-08-13 09:06:24] [INFO    ] [resilient.332FA536] ============================================================
[2026-08-13 09:06:24] [INFO    ] [resilient.332FA536] [0] Running pre-flight health checks ...
[2026-08-13 09:06:24] [INFO    ] [resilient.332FA536]   Health checks: PASSED (12 checks)
[2026-08-13 09:06:24] [INFO    ] [resilient.332FA536] [1] Extracting source data (with retry) ...
[2026-08-13 09:06:25] [INFO    ] [resilient.332FA536]   Extracted 173,106 total records
[2026-08-13 09:06:25] [INFO    ] [resilient.332FA536] [2] Writing raw staging (atomic) ...
[2026-08-13 09:06:26] [INFO    ] [resilient.332FA536]   Atomic staging complete: 4 files written.
[2026-08-13 09:06:26] [INFO    ] [resilient.332FA536] [3] Validating data ...
[2026-08-13 09:06:27] [INFO    ] [resilient.332FA536]   Valid=173,106  Invalid=0  Outliers=18,936
[2026-08-13 09:06:27] [INFO    ] [resilient.332FA536] [4] Running DQ rules engine ...
[2026-08-13 09:06:27] [INFO    ] [resilient.332FA536]   DQ: 16/16 passed  Warnings=0  Errors=0
[2026-08-13 09:06:27] [INFO    ] [resilient.332FA536] [5] Transforming data ...
[2026-08-13 09:06:28] [INFO    ] [resilient.332FA536]   Product=503  Customer=19,821  Sales=121,317
[2026-08-13 09:06:28] [INFO    ] [resilient.332FA536] [6] Checking alert thresholds ...
[2026-08-13 09:06:28] [INFO    ] [resilient.332FA536]   All thresholds within acceptable range.
[2026-08-13 09:06:28] [INFO    ] [resilient.332FA536] [7] Loading OLTP tables ...
[2026-08-13 09:06:28] [INFO    ] [resilient.332FA536]   OLTP skipped (db_load=False).
[2026-08-13 09:06:28] [INFO    ] [resilient.332FA536] [8] Building Star Schema ...
[2026-08-13 09:06:28] [INFO    ] [resilient.332FA536]   FactSales: 121,317 rows
[2026-08-13 09:06:28] [INFO    ] [resilient.332FA536] [9] Building analytics datasets ...
[2026-08-13 09:06:28] [INFO    ] [resilient.332FA536]   KPIs=11  Datasets=9
[2026-08-13 09:06:28] [INFO    ] [resilient.332FA536] [10] Final record-count validation ...
[2026-08-13 09:06:28] [INFO    ] [resilient.332FA536]   FactSales matches source: 121,317
[2026-08-13 09:06:28] [INFO    ] [resilient.332FA536] Pipeline completed: SUCCESS
[2026-08-13 09:06:28] [INFO    ] [resilient.332FA536] Run ID: 332FA536  Status: SUCCESS  Duration: 3.9s
[2026-08-13 09:06:28] [INFO    ] [resilient.332FA536] ============================================================
[2026-08-13 09:07:48] [INFO    ] [resilient.4BF548BC] ============================================================
[2026-08-13 09:07:48] [INFO    ] [resilient.4BF548BC] RESILIENT PIPELINE START  |  Run ID: 4BF548BC
[2026-08-13 09:07:48] [INFO    ] [resilient.4BF548BC] ============================================================
[2026-08-13 09:07:48] [INFO    ] [resilient.4BF548BC] [0] Running pre-flight health checks ...
[2026-08-13 09:07:48] [INFO    ] [resilient.4BF548BC]   Health checks: PASSED (12 checks)
[2026-08-13 09:07:48] [INFO    ] [resilient.4BF548BC] [1] Extracting source data (with retry) ...
[2026-08-13 09:07:49] [INFO    ] [resilient.4BF548BC]   Extracted 173,106 total records
[2026-08-13 09:07:49] [INFO    ] [resilient.4BF548BC] [2] Writing raw staging (atomic) ...
[2026-08-13 09:07:49] [INFO    ] [resilient.4BF548BC]   Atomic staging complete: 4 files written.
[2026-08-13 09:07:49] [INFO    ] [resilient.4BF548BC] [3] Validating data ...
[2026-08-13 09:07:50] [INFO    ] [resilient.4BF548BC]   Valid=173,106  Invalid=0  Outliers=18,936
[2026-08-13 09:07:50] [INFO    ] [resilient.4BF548BC] [4] Running DQ rules engine ...
[2026-08-13 09:07:50] [INFO    ] [resilient.4BF548BC]   DQ: 16/16 passed  Warnings=0  Errors=0
[2026-08-13 09:07:50] [INFO    ] [resilient.4BF548BC] [5] Transforming data ...
[2026-08-13 09:07:51] [INFO    ] [resilient.4BF548BC]   Product=503  Customer=19,821  Sales=121,317
[2026-08-13 09:07:51] [INFO    ] [resilient.4BF548BC] [6] Checking alert thresholds ...
[2026-08-13 09:07:51] [INFO    ] [resilient.4BF548BC]   All thresholds within acceptable range.
[2026-08-13 09:07:51] [INFO    ] [resilient.4BF548BC] [7] Loading OLTP tables ...
[2026-08-13 09:07:51] [INFO    ] [resilient.4BF548BC]   OLTP skipped (db_load=False).
[2026-08-13 09:07:51] [INFO    ] [resilient.4BF548BC] [8] Building Star Schema ...
[2026-08-13 09:07:52] [INFO    ] [resilient.4BF548BC]   FactSales: 121,317 rows
[2026-08-13 09:07:52] [INFO    ] [resilient.4BF548BC] [9] Building analytics datasets ...
[2026-08-13 09:07:52] [INFO    ] [resilient.4BF548BC]   KPIs=11  Datasets=9
[2026-08-13 09:07:52] [INFO    ] [resilient.4BF548BC] [10] Final record-count validation ...
[2026-08-13 09:07:52] [INFO    ] [resilient.4BF548BC]   FactSales matches source: 121,317
[2026-08-13 09:07:52] [INFO    ] [resilient.4BF548BC] Pipeline completed: SUCCESS
[2026-08-13 09:07:52] [INFO    ] [resilient.4BF548BC] Run ID: 4BF548BC  Status: SUCCESS  Duration: 3.9s
[2026-08-13 09:07:52] [INFO    ] [resilient.4BF548BC] ============================================================
[2026-08-13 09:11:43] [INFO    ] [resilient.5DF49ECF] ============================================================
[2026-08-13 09:11:43] [INFO    ] [resilient.5DF49ECF] RESILIENT PIPELINE START  |  Run ID: 5DF49ECF
[2026-08-13 09:11:43] [INFO    ] [resilient.5DF49ECF] ============================================================
[2026-08-13 09:11:43] [INFO    ] [resilient.5DF49ECF] [0] Running pre-flight health checks ...
[2026-08-13 09:11:43] [INFO    ] [resilient.5DF49ECF]   Health checks: PASSED (12 checks)
[2026-08-13 09:11:43] [INFO    ] [resilient.5DF49ECF] [1] Extracting source data (with retry) ...
[2026-08-13 09:11:44] [INFO    ] [resilient.5DF49ECF]   Extracted 173,106 total records
[2026-08-13 09:11:44] [INFO    ] [resilient.5DF49ECF] [2] Writing raw staging (atomic) ...
[2026-08-13 09:11:44] [INFO    ] [resilient.5DF49ECF]   Atomic staging complete: 4 files written.
[2026-08-13 09:11:44] [INFO    ] [resilient.5DF49ECF] [3] Validating data ...
[2026-08-13 09:11:45] [INFO    ] [resilient.5DF49ECF]   Valid=173,106  Invalid=0  Outliers=18,936
[2026-08-13 09:11:45] [INFO    ] [resilient.5DF49ECF] [4] Running DQ rules engine ...
[2026-08-13 09:11:45] [INFO    ] [resilient.5DF49ECF]   DQ: 16/16 passed  Warnings=0  Errors=0
[2026-08-13 09:11:45] [INFO    ] [resilient.5DF49ECF] [5] Transforming data ...
[2026-08-13 09:11:47] [INFO    ] [resilient.5DF49ECF]   Product=503  Customer=19,821  Sales=121,317
[2026-08-13 09:11:47] [INFO    ] [resilient.5DF49ECF] [6] Checking alert thresholds ...
[2026-08-13 09:11:47] [INFO    ] [resilient.5DF49ECF]   All thresholds within acceptable range.
[2026-08-13 09:11:47] [INFO    ] [resilient.5DF49ECF] [7] Loading OLTP tables ...
[2026-08-13 09:11:47] [INFO    ] [resilient.5DF49ECF]   OLTP skipped (db_load=False).
[2026-08-13 09:11:47] [INFO    ] [resilient.5DF49ECF] [8] Building Star Schema ...
[2026-08-13 09:11:49] [INFO    ] [resilient.5DF49ECF]   FactSales: 121,317 rows
[2026-08-13 09:11:49] [INFO    ] [resilient.5DF49ECF] [9] Building analytics datasets ...
[2026-08-13 09:11:49] [INFO    ] [resilient.5DF49ECF]   KPIs=11  Datasets=9
[2026-08-13 09:11:49] [INFO    ] [resilient.5DF49ECF] [10] Final record-count validation ...
[2026-08-13 09:11:49] [INFO    ] [resilient.5DF49ECF]   FactSales matches source: 121,317
[2026-08-13 09:11:49] [INFO    ] [resilient.5DF49ECF] Pipeline completed: SUCCESS
[2026-08-13 09:11:49] [INFO    ] [resilient.5DF49ECF] Run ID: 5DF49ECF  Status: SUCCESS  Duration: 6.3s
[2026-08-13 09:11:49] [INFO    ] [resilient.5DF49ECF] ============================================================
[2026-08-13 09:14:27] [INFO    ] [resilient.1B3505DF] ============================================================
[2026-08-13 09:14:27] [INFO    ] [resilient.1B3505DF] RESILIENT PIPELINE START  |  Run ID: 1B3505DF
[2026-08-13 09:14:27] [INFO    ] [resilient.1B3505DF] ============================================================
[2026-08-13 09:14:27] [INFO    ] [resilient.1B3505DF] [0] Running pre-flight health checks ...
[2026-08-13 09:14:27] [INFO    ] [resilient.1B3505DF]   Health checks: PASSED (12 checks)
[2026-08-13 09:14:27] [INFO    ] [resilient.1B3505DF] [1] Extracting source data (with retry) ...
[2026-08-13 09:14:28] [INFO    ] [resilient.1B3505DF]   Extracted 173,106 total records
[2026-08-13 09:14:28] [INFO    ] [resilient.1B3505DF] [2] Writing raw staging (atomic) ...
[2026-08-13 09:14:29] [INFO    ] [resilient.1B3505DF]   Atomic staging complete: 4 files written.
[2026-08-13 09:14:29] [INFO    ] [resilient.1B3505DF] [3] Validating data ...
[2026-08-13 09:14:30] [INFO    ] [resilient.1B3505DF]   Valid=173,106  Invalid=0  Outliers=18,936
[2026-08-13 09:14:30] [INFO    ] [resilient.1B3505DF] [4] Running DQ rules engine ...
[2026-08-13 09:14:30] [INFO    ] [resilient.1B3505DF]   DQ: 16/16 passed  Warnings=0  Errors=0
[2026-08-13 09:14:30] [INFO    ] [resilient.1B3505DF] [5] Transforming data ...
[2026-08-13 09:14:31] [INFO    ] [resilient.1B3505DF]   Product=503  Customer=19,821  Sales=121,317
[2026-08-13 09:14:31] [INFO    ] [resilient.1B3505DF] [6] Checking alert thresholds ...
[2026-08-13 09:14:31] [INFO    ] [resilient.1B3505DF]   All thresholds within acceptable range.
[2026-08-13 09:14:31] [INFO    ] [resilient.1B3505DF] [7] Loading OLTP tables ...
[2026-08-13 09:14:31] [INFO    ] [resilient.1B3505DF]   OLTP skipped (db_load=False).
[2026-08-13 09:14:31] [INFO    ] [resilient.1B3505DF] [8] Building Star Schema ...
[2026-08-13 09:14:33] [INFO    ] [resilient.1B3505DF]   FactSales: 121,317 rows
[2026-08-13 09:14:33] [INFO    ] [resilient.1B3505DF] [9] Building analytics datasets ...
[2026-08-13 09:14:34] [INFO    ] [resilient.1B3505DF]   KPIs=11  Datasets=9
[2026-08-13 09:14:34] [INFO    ] [resilient.1B3505DF] [10] Final record-count validation ...
[2026-08-13 09:14:34] [INFO    ] [resilient.1B3505DF]   FactSales matches source: 121,317
[2026-08-13 09:14:34] [INFO    ] [resilient.1B3505DF] Pipeline completed: SUCCESS
[2026-08-13 09:14:34] [INFO    ] [resilient.1B3505DF] Run ID: 1B3505DF  Status: SUCCESS  Duration: 6.2s
[2026-08-13 09:14:34] [INFO    ] [resilient.1B3505DF] ============================================================
[2026-08-13 09:14:46] [INFO    ] [resilient.52A00979] ============================================================
[2026-08-13 09:14:46] [INFO    ] [resilient.52A00979] RESILIENT PIPELINE START  |  Run ID: 52A00979
[2026-08-13 09:14:46] [INFO    ] [resilient.52A00979] ============================================================
[2026-08-13 09:14:46] [INFO    ] [resilient.52A00979] [0] Running pre-flight health checks ...
[2026-08-13 09:14:46] [INFO    ] [resilient.52A00979]   Health checks: PASSED (12 checks)
[2026-08-13 09:14:46] [INFO    ] [resilient.52A00979] [1] Extracting source data (with retry) ...
[2026-08-13 09:14:47] [INFO    ] [resilient.52A00979]   Extracted 173,106 total records
[2026-08-13 09:14:47] [INFO    ] [resilient.52A00979] [2] Writing raw staging (atomic) ...
[2026-08-13 09:14:47] [INFO    ] [resilient.52A00979]   Atomic staging complete: 4 files written.
[2026-08-13 09:14:47] [INFO    ] [resilient.52A00979] [3] Validating data ...
[2026-08-13 09:14:48] [INFO    ] [resilient.52A00979]   Valid=173,106  Invalid=0  Outliers=18,936
[2026-08-13 09:14:48] [INFO    ] [resilient.52A00979] [4] Running DQ rules engine ...
[2026-08-13 09:14:48] [INFO    ] [resilient.52A00979]   DQ: 16/16 passed  Warnings=0  Errors=0
[2026-08-13 09:14:48] [INFO    ] [resilient.52A00979] [5] Transforming data ...
[2026-08-13 09:14:50] [INFO    ] [resilient.52A00979]   Product=503  Customer=19,821  Sales=121,317
[2026-08-13 09:14:50] [INFO    ] [resilient.52A00979] [6] Checking alert thresholds ...
[2026-08-13 09:14:50] [INFO    ] [resilient.52A00979]   All thresholds within acceptable range.
[2026-08-13 09:14:50] [INFO    ] [resilient.52A00979] [7] Loading OLTP tables ...
[2026-08-13 09:14:50] [INFO    ] [resilient.52A00979]   OLTP skipped (db_load=False).
[2026-08-13 09:14:50] [INFO    ] [resilient.52A00979] [8] Building Star Schema ...
[2026-08-13 09:14:52] [INFO    ] [resilient.52A00979]   FactSales: 121,317 rows
[2026-08-13 09:14:52] [INFO    ] [resilient.52A00979] [9] Building analytics datasets ...
[2026-08-13 09:14:52] [INFO    ] [resilient.52A00979]   KPIs=11  Datasets=9
[2026-08-13 09:14:52] [INFO    ] [resilient.52A00979] [10] Final record-count validation ...
[2026-08-13 09:14:52] [INFO    ] [resilient.52A00979]   FactSales matches source: 121,317
[2026-08-13 09:14:52] [INFO    ] [resilient.52A00979] Pipeline completed: SUCCESS
[2026-08-13 09:14:52] [INFO    ] [resilient.52A00979] Run ID: 52A00979  Status: SUCCESS  Duration: 6.4s
[2026-08-13 09:14:52] [INFO    ] [resilient.52A00979] ============================================================
[2026-08-13 09:15:59] [INFO    ] [resilient.92607FFE] ============================================================
[2026-08-13 09:15:59] [INFO    ] [resilient.92607FFE] RESILIENT PIPELINE START  |  Run ID: 92607FFE
[2026-08-13 09:15:59] [INFO    ] [resilient.92607FFE] ============================================================
[2026-08-13 09:15:59] [INFO    ] [resilient.92607FFE] [0] Running pre-flight health checks ...
[2026-08-13 09:15:59] [INFO    ] [resilient.92607FFE]   Health checks: PASSED (12 checks)
[2026-08-13 09:15:59] [INFO    ] [resilient.92607FFE] [1] Extracting source data (with retry) ...
[2026-08-13 09:16:00] [INFO    ] [resilient.92607FFE]   Extracted 173,106 total records
[2026-08-13 09:16:00] [INFO    ] [resilient.92607FFE] [2] Writing raw staging (atomic) ...
[2026-08-13 09:16:00] [INFO    ] [resilient.92607FFE]   Atomic staging complete: 4 files written.
[2026-08-13 09:16:00] [INFO    ] [resilient.92607FFE] [3] Validating data ...
[2026-08-13 09:16:01] [INFO    ] [resilient.92607FFE]   Valid=173,106  Invalid=0  Outliers=18,937
[2026-08-13 09:16:01] [INFO    ] [resilient.92607FFE] [4] Running DQ rules engine ...
[2026-08-13 09:16:01] [INFO    ] [resilient.92607FFE]   DQ: 16/16 passed  Warnings=0  Errors=0
[2026-08-13 09:16:01] [INFO    ] [resilient.92607FFE] [5] Transforming data ...
[2026-08-13 09:16:03] [INFO    ] [resilient.92607FFE]   Product=503  Customer=19,821  Sales=121,317
[2026-08-13 09:16:03] [INFO    ] [resilient.92607FFE] [6] Checking alert thresholds ...
[2026-08-13 09:16:03] [INFO    ] [resilient.92607FFE]   All thresholds within acceptable range.
[2026-08-13 09:16:03] [INFO    ] [resilient.92607FFE] [7] Loading OLTP tables ...
[2026-08-13 09:16:04] [INFO    ] [resilient.92607FFE] [8] Building Star Schema ...
[2026-08-13 09:16:05] [INFO    ] [resilient.92607FFE]   FactSales: 121,317 rows
[2026-08-13 09:16:05] [INFO    ] [resilient.92607FFE] [9] Building analytics datasets ...
[2026-08-13 09:16:06] [INFO    ] [resilient.92607FFE]   KPIs=11  Datasets=9
[2026-08-13 09:16:06] [INFO    ] [resilient.92607FFE] [10] Final record-count validation ...
[2026-08-13 09:16:06] [INFO    ] [resilient.92607FFE]   FactSales matches source: 121,317
[2026-08-13 09:16:06] [INFO    ] [resilient.92607FFE] Pipeline completed: SUCCESS
[2026-08-13 09:16:06] [INFO    ] [resilient.92607FFE] Run ID: 92607FFE  Status: SUCCESS  Duration: 6.7s
[2026-08-13 09:16:06] [INFO    ] [resilient.92607FFE] ============================================================
[2026-08-13 09:45:11] [INFO    ] [resilient.9FF43733] ============================================================
[2026-08-13 09:45:11] [INFO    ] [resilient.9FF43733] RESILIENT PIPELINE START  |  Run ID: 9FF43733
[2026-08-13 09:45:11] [INFO    ] [resilient.9FF43733] ============================================================
[2026-08-13 09:45:11] [INFO    ] [resilient.9FF43733] [0] Running pre-flight health checks ...
[2026-08-13 09:45:11] [INFO    ] [resilient.9FF43733]   Health checks: PASSED (12 checks)
[2026-08-13 09:45:11] [INFO    ] [resilient.9FF43733] [1] Extracting source data (with retry) ...
[2026-08-13 09:45:12] [INFO    ] [resilient.9FF43733]   Extracted 173,106 total records
[2026-08-13 09:45:12] [INFO    ] [resilient.9FF43733] [2] Writing raw staging (atomic) ...
[2026-08-13 09:45:12] [INFO    ] [resilient.9FF43733]   Atomic staging complete: 4 files written.
[2026-08-13 09:45:12] [INFO    ] [resilient.9FF43733] [3] Validating data ...
[2026-08-13 09:45:14] [INFO    ] [resilient.9FF43733]   Valid=173,106  Invalid=0  Outliers=18,937
[2026-08-13 09:45:14] [INFO    ] [resilient.9FF43733] [4] Running DQ rules engine ...
[2026-08-13 09:45:14] [INFO    ] [resilient.9FF43733]   DQ: 16/16 passed  Warnings=0  Errors=0
[2026-08-13 09:45:14] [INFO    ] [resilient.9FF43733] [5] Transforming data ...
[2026-08-13 09:45:15] [INFO    ] [resilient.9FF43733]   Product=503  Customer=19,821  Sales=121,317
[2026-08-13 09:45:15] [INFO    ] [resilient.9FF43733] [6] Checking alert thresholds ...
[2026-08-13 09:45:15] [INFO    ] [resilient.9FF43733]   All thresholds within acceptable range.
[2026-08-13 09:45:15] [INFO    ] [resilient.9FF43733] [7] Loading OLTP tables ...
[2026-08-13 09:45:15] [INFO    ] [resilient.9FF43733]   OLTP skipped (db_load=False).
[2026-08-13 09:45:15] [INFO    ] [resilient.9FF43733] [8] Building Star Schema ...
[2026-08-13 09:45:16] [INFO    ] [resilient.9FF43733]   FactSales: 121,317 rows
[2026-08-13 09:45:16] [INFO    ] [resilient.9FF43733] [9] Building analytics datasets ...
[2026-08-13 09:45:16] [INFO    ] [resilient.9FF43733]   KPIs=11  Datasets=9
[2026-08-13 09:45:16] [INFO    ] [resilient.9FF43733] [10] Final record-count validation ...
[2026-08-13 09:45:16] [INFO    ] [resilient.9FF43733]   FactSales matches source: 121,317
[2026-08-13 09:45:16] [INFO    ] [resilient.9FF43733] Pipeline completed: SUCCESS
[2026-08-13 09:45:16] [INFO    ] [resilient.9FF43733] Run ID: 9FF43733  Status: SUCCESS  Duration: 4.6s
[2026-08-13 09:45:16] [INFO    ] [resilient.9FF43733] ============================================================
[2026-08-13 11:23:42] [INFO    ] [resilient.2356DF4D] ============================================================
[2026-08-13 11:23:42] [INFO    ] [resilient.2356DF4D] RESILIENT PIPELINE START  |  Run ID: 2356DF4D
[2026-08-13 11:23:42] [INFO    ] [resilient.2356DF4D] ============================================================
[2026-08-13 11:23:42] [INFO    ] [resilient.2356DF4D] [0] Running pre-flight health checks ...
[2026-08-13 11:23:42] [INFO    ] [resilient.2356DF4D]   Health checks: PASSED (12 checks)
[2026-08-13 11:23:42] [INFO    ] [resilient.2356DF4D] [1] Extracting source data (with retry) ...
[2026-08-13 11:23:43] [INFO    ] [resilient.2356DF4D]   Extracted 173,106 total records
[2026-08-13 11:23:43] [INFO    ] [resilient.2356DF4D] [2] Writing raw staging (atomic) ...
[2026-08-13 11:23:44] [INFO    ] [resilient.2356DF4D]   Atomic staging complete: 4 files written.
[2026-08-13 11:23:44] [INFO    ] [resilient.2356DF4D] [3] Validating data ...
[2026-08-13 11:23:45] [INFO    ] [resilient.2356DF4D]   Valid=173,106  Invalid=0  Outliers=18,937
[2026-08-13 11:23:45] [INFO    ] [resilient.2356DF4D] [4] Running DQ rules engine ...
[2026-08-13 11:23:45] [INFO    ] [resilient.2356DF4D]   DQ: 16/16 passed  Warnings=0  Errors=0
[2026-08-13 11:23:45] [INFO    ] [resilient.2356DF4D] [5] Transforming data ...
[2026-08-13 11:23:47] [INFO    ] [resilient.2356DF4D]   Product=503  Customer=19,821  Sales=121,317
[2026-08-13 11:23:47] [INFO    ] [resilient.2356DF4D] [6] Checking alert thresholds ...
[2026-08-13 11:23:47] [INFO    ] [resilient.2356DF4D]   All thresholds within acceptable range.
[2026-08-13 11:23:47] [INFO    ] [resilient.2356DF4D] [7] Loading OLTP tables ...
[2026-08-13 11:23:47] [INFO    ] [resilient.2356DF4D] [8] Building Star Schema ...
[2026-08-13 11:23:48] [INFO    ] [resilient.2356DF4D]   FactSales: 121,317 rows
[2026-08-13 11:23:48] [INFO    ] [resilient.2356DF4D] [9] Building analytics datasets ...
[2026-08-13 11:23:49] [INFO    ] [resilient.2356DF4D]   KPIs=11  Datasets=9
[2026-08-13 11:23:49] [INFO    ] [resilient.2356DF4D] [10] Final record-count validation ...
[2026-08-13 11:23:49] [INFO    ] [resilient.2356DF4D]   FactSales matches source: 121,317
[2026-08-13 11:23:49] [INFO    ] [resilient.2356DF4D] Pipeline completed: SUCCESS
[2026-08-13 11:23:49] [INFO    ] [resilient.2356DF4D] Run ID: 2356DF4D  Status: SUCCESS  Duration: 6.7s
[2026-08-13 11:23:49] [INFO    ] [resilient.2356DF4D] ============================================================
[2026-08-13 11:24:40] [INFO    ] [resilient.64A711AE] ============================================================
[2026-08-13 11:24:40] [INFO    ] [resilient.64A711AE] RESILIENT PIPELINE START  |  Run ID: 64A711AE
[2026-08-13 11:24:40] [INFO    ] [resilient.64A711AE] ============================================================
[2026-08-13 11:24:40] [INFO    ] [resilient.64A711AE] [0] Running pre-flight health checks ...
[2026-08-13 11:24:40] [INFO    ] [resilient.64A711AE]   Health checks: PASSED (12 checks)
[2026-08-13 11:24:40] [INFO    ] [resilient.64A711AE] [1] Extracting source data (with retry) ...
[2026-08-13 11:24:41] [INFO    ] [resilient.64A711AE]   Extracted 173,106 total records
[2026-08-13 11:24:41] [INFO    ] [resilient.64A711AE] [2] Writing raw staging (atomic) ...
[2026-08-13 11:24:42] [INFO    ] [resilient.64A711AE]   Atomic staging complete: 4 files written.
[2026-08-13 11:24:42] [INFO    ] [resilient.64A711AE] [3] Validating data ...
[2026-08-13 11:24:43] [INFO    ] [resilient.64A711AE]   Valid=173,106  Invalid=0  Outliers=18,937
[2026-08-13 11:24:43] [INFO    ] [resilient.64A711AE] [4] Running DQ rules engine ...
[2026-08-13 11:24:43] [INFO    ] [resilient.64A711AE]   DQ: 16/16 passed  Warnings=0  Errors=0
[2026-08-13 11:24:43] [INFO    ] [resilient.64A711AE] [5] Transforming data ...
[2026-08-13 11:24:44] [INFO    ] [resilient.64A711AE]   Product=503  Customer=19,821  Sales=121,317
[2026-08-13 11:24:44] [INFO    ] [resilient.64A711AE] [6] Checking alert thresholds ...
[2026-08-13 11:24:44] [INFO    ] [resilient.64A711AE]   All thresholds within acceptable range.
[2026-08-13 11:24:44] [INFO    ] [resilient.64A711AE] [7] Loading OLTP tables ...
[2026-08-13 11:24:44] [INFO    ] [resilient.64A711AE]   OLTP skipped (db_load=False).
[2026-08-13 11:24:44] [INFO    ] [resilient.64A711AE] [8] Building Star Schema ...
[2026-08-13 11:24:46] [INFO    ] [resilient.64A711AE]   FactSales: 121,317 rows
[2026-08-13 11:24:46] [INFO    ] [resilient.64A711AE] [9] Building analytics datasets ...
[2026-08-13 11:24:47] [INFO    ] [resilient.64A711AE]   KPIs=11  Datasets=9
[2026-08-13 11:24:47] [INFO    ] [resilient.64A711AE] [10] Final record-count validation ...
[2026-08-13 11:24:47] [INFO    ] [resilient.64A711AE]   FactSales matches source: 121,317
[2026-08-13 11:24:47] [INFO    ] [resilient.64A711AE] Pipeline completed: SUCCESS
[2026-08-13 11:24:47] [INFO    ] [resilient.64A711AE] Run ID: 64A711AE  Status: SUCCESS  Duration: 6.3s
[2026-08-13 11:24:47] [INFO    ] [resilient.64A711AE] ============================================================
